product_id,1st_peer_id,1st_similarity,2nd_peer_id,2nd_similarity,3rd_peer_id,3rd_similarity,4th_peer_id,4th_similarity,5th_peer_id,5th_similarity
1,566,0.5003472653432016,708,0.495601674500382,559,0.48203904323793695,811,0.4801220964056306,448,0.479875176943424
2,452,0.6949974719569089,216,0.6869352072899247,839,0.6854795266045529,108,0.681825609030873,117,0.6643018434077711
3,62,0.5228828307965112,255,0.5199777704529913,233,0.5178209835977492,626,0.5167688262983062,839,0.5148707522817256
4,623,0.5856611956774682,281,0.5850342123346081,274,0.5772244281432779,357,0.5770019527113296,360,0.5766800921183539
5,615,0.9452985009443888,61,0.9391108799191059,623,0.9383440426067173,153,0.9326923288379082,374,0.9292274095778343
6,506,0.9994608152375744,614,0.999406426991111,535,0.9654985788279467,357,0.9611855420438826,360,0.9611415588563701
7,241,0.5388159060803247,151,0.4382582055825716,606,0.4147806778921702,578,0.41461742339775554,187,0.40498932850351316
8,61,0.9093088081379634,337,0.9077670012583535,205,0.9063856156495832,68,0.9036634470138273,69,0.9036634470138273
9,374,0.9448129431431294,626,0.943160023106968,743,0.9392378534464952,62,0.9365668764867423,406,0.9328573031106153
10,252,0.701127832765243,406,0.7008965958807668,360,0.7003060477665868,357,0.7002418153502564,811,0.6959364662363859
11,706,0.9996215731841881,222,0.9015758011018364,497,0.8997671947031023,644,0.8997671947031023,807,0.8777030323787167
12,838,0.8222444183949404,831,0.8221174352046096,5,0.8212353008735678,338,0.8141986868520122,409,0.8141986868520122
13,662,1.0,542,0.7628689341173603,354,0.698924010146186,52,0.6932607796061346,367,0.6931357999140636
14,89,1.0,832,0.7464022961497656,616,0.7415327097544718,451,0.7363599249463496,838,0.7352617400007818
15,71,0.6987149991453365,744,0.693340081048717,335,0.6893080929170171,838,0.6827242230330928,66,0.6802120552698085
16,591,0.966775138029818,549,0.825764945531485,33,0.8252862194940168,626,0.8043026862156053,632,0.8021491091564158
17,190,0.4300515097278929,809,0.4281581050856621,418,0.38124184626736,231,0.3795360576382948,603,0.37939794560611284
18,831,0.9071540308893475,338,0.9035595688658463,409,0.9035595688658463,838,0.8947047059712882,71,0.8928951412681458
19,422,0.4082482904638631,190,0.3934536783535178,764,0.3785166493051126,714,0.37436645290198567,631,0.3333333333333333
20,170,0.5928993217650628,64,0.5841668652933022,261,0.5718458221010972,125,0.5672940752988966,262,0.5661366586217704
21,143,0.9997310608349036,202,0.9992384547487162,613,0.9747488872402345,842,0.9741339110618334,134,0.9593936436426258
22,437,0.8290302518643066,153,0.816389738350781,535,0.8143486316127033,350,0.8111884457181624,391,0.8087363122167499
23,831,0.8820891631045256,338,0.8595275487443876,409,0.8595275487443876,838,0.8547231050863241,366,0.8433252063785088
24,535,0.7729853774577442,33,0.7726483766480428,549,0.7722896712217978,612,0.7681950062048,611,0.7680090094995252
25,72,0.9999999999999998,75,0.8687896656724755,185,0.8687896656724755,434,0.8552930265593802,615,0.8512149758039582
26,636,0.9709576808490817,350,0.9091356518660194,516,0.9056487994074651,575,0.9053274865125869,335,0.8949979991572234
27,752,1.0,516,0.9240452831258237,575,0.9238970377140348,337,0.9157167338174318,744,0.9121241360853961
28,685,0.38184710295005253,164,0.37284614363359164,201,0.37284614363359164,554,0.3706893271302137,323,0.36965388499438223
29,847,0.7869076257742063,337,0.7761039010308753,366,0.7689706558310915,299,0.7677513348801578,669,0.7675444743385713
30,627,0.562659580088651,211,0.5597402174132124,322,0.5597402174132124,690,0.5521008032078129,847,0.5461314646038363
31,807,0.31221903828380604,497,0.3010126894889965,644,0.3010126894889965,222,0.29680540867161,261,0.2933353968660675
32,811,0.5501921875988901,448,0.549740707649157,486,0.549740707649157,48,0.5409347506589389,47,0.5201332441784581
33,549,0.9999083269477674,357,0.9683640909668141,360,0.9683320196989283,403,0.9659895187961471,620,0.9656595727309395
34,364,0.8309373971262315,141,0.8190720864109478,611,0.8185456548355643,612,0.8183815815429892,170,0.8152902679388706
35,516,0.9211540031034722,575,0.9208160922141301,406,0.9156150255433052,337,0.911162743439281,374,0.9070395234771661
36,681,0.8164645807309642,709,0.8164645807309642,323,0.8135911475996901,554,0.8027568760290313,364,0.7985882163794191
37,744,0.7939173261986865,840,0.7814072454253822,335,0.7809677730931399,71,0.7784301930054053,708,0.7751659423187204
38,270,0.37892144310393916,617,0.35830592950182427,639,0.3252887717631373,74,0.31526761164098027,228,0.3111316141199683
39,437,0.5051244883455603,536,0.4998899502314953,153,0.49739096438363695,407,0.4913782677529119,399,0.4902345657976245
40,391,0.9994433537028892,848,0.9994433537028892,357,0.9871078693707989,360,0.9870908668364113,252,0.9866420423034948
41,281,0.7401930728043157,623,0.7274762050689786,374,0.7242776577912414,410,0.7224047742703864,743,0.7175226948521942
42,410,0.7695538027868216,776,0.7593657006313614,736,0.7580703071009041,398,0.7580682696309154,157,0.7580124950770184
43,88,1.0,159,1.0,214,1.0,775,1.0,787,0.6734612453567504
44,342,0.40970105584062566,694,0.4062486949782765,76,0.378845604239578,503,0.3783402044858048,190,0.37816336819362417
45,249,0.9999999999999998,571,0.9999999999999998,672,0.9711346445775417,170,0.8503777420413683,619,0.8360803947318693
46,676,0.3556579998135999,188,0.3311330892662609,192,0.3288472179799604,37,0.3137254901960784,288,0.3101446676871148
47,356,0.9340785051896493,361,0.9340206112917192,840,0.9281541505126818,48,0.9227915281222433,205,0.9158447319817135
48,356,0.9448076966686497,361,0.9442606785255883,58,0.9233191034307111,47,0.9227915281222433,354,0.9156025550463168
49,64,0.9256703924889674,367,0.9223170638990513,362,0.9221225911129394,52,0.9220369102260767,837,0.9210873586704913
50,394,0.9594496354746509,392,0.9436262860553469,619,0.9436233492715638,205,0.9314199523295319,611,0.9288598956754388
51,834,0.9709065329776788,398,0.94894086187965,410,0.9343352749345071,743,0.9342732408729185,390,0.9335881474070976
52,367,0.9999855531277551,362,0.9999809318672617,354,0.9976361070851592,837,0.987176778542638,358,0.9853367348733915
53,57,0.9012775104659881,399,0.864742763927252,367,0.8599341660708707,52,0.8597741903722742,362,0.8596649900709216
54,612,0.8925388608170753,611,0.8925317735860738,141,0.8846511919056398,364,0.8834307036989454,535,0.872040062204121
55,64,0.9101526130858596,837,0.9093707329428319,358,0.907037431891316,367,0.9067983451447696,52,0.9064189278843255
56,838,0.9156241849498745,831,0.9129118518256641,337,0.9113904512346831,437,0.9107365822607126,615,0.9106428124296322
57,53,0.9012775104659881,365,0.8327135804846959,399,0.831302068814327,837,0.82848837792936,367,0.8231556969093575
58,354,0.9711828705080544,52,0.9680786400697429,367,0.9679602058723491,362,0.9677459509291596,358,0.965302353074403
59,64,0.9669054608877092,362,0.962781193640118,52,0.9625885754412461,367,0.9625396557802256,85,0.9558285754958714
60,590,0.9957329177707875,345,0.9061696530839187,607,0.8990862828606514,437,0.8942523502998999,346,0.8868374963485185
61,612,0.948217344130456,611,0.9481654117557002,68,0.9467307166595622,69,0.9467307166595622,404,0.9467307166595622
62,743,0.9460862077840605,839,0.9425096693423394,374,0.9423515254536631,398,0.936885027789959,9,0.9365668764867423
63,544,0.9993254542002148,344,0.766122985931081,465,0.7647964056051919,309,0.7621992816360603,132,0.7611743299605316
64,362,0.9852333052406564,367,0.9851001694109245,52,0.985033136377033,358,0.9795732285556599,354,0.978736130942463
65,397,0.9055021428406412,364,0.8698991248801483,537,0.8650447675833459,141,0.864611386037292,170,0.8630632815627207
66,402,0.99974860109725,744,0.9783719102338467,335,0.9747113291107695,516,0.9744597859108114,575,0.9739955461032558
67,358,0.9711024521006455,354,0.9707741266171214,52,0.9701180234853781,362,0.9700181748132711,367,0.9699860620245416
68,69,1.0,404,1.0,611,0.9590406684357844,612,0.9590280954452328,205,0.9485843065638011
69,69,1.0,404,1.0,611,0.9590406684357844,612,0.9590280954452328,205,0.9485843065638011
70,368,0.9965632488391731,67,0.9468586921169897,358,0.9387809352597777,365,0.9364189935589609,399,0.9361191577029142
71,838,0.9873704411686924,744,0.972934673019658,337,0.9582582453995062,335,0.9543291318160055,831,0.9539533883235779
72,72,0.9999999999999998,75,0.8687896656724755,185,0.8687896656724755,434,0.8552930265593802,615,0.8512149758039582
73,173,0.62946771160299,551,0.62946771160299,647,0.62946771160299,751,0.62946771160299,615,0.6235793102025987
74,516,0.9491453205457501,357,0.948767374233021,360,0.9487326396217555,575,0.9485155710535516,403,0.9455999726303027
75,185,1.0,769,0.917971880835951,338,0.9161482164221258,409,0.9161482164221258,434,0.909258659789464
76,503,0.9996851576191744,744,0.8727769134191664,402,0.8661621360747137,335,0.8650987431167466,66,0.8643839248394245
77,616,0.8544332014774605,839,0.8501387306197355,374,0.8485049704697881,708,0.8443615650141709,743,0.8436613328764175
78,366,0.917589204576977,360,0.9022520139822804,357,0.9021367505024555,252,0.900939692634029,623,0.8964017020520462
79,606,0.2886751345948129,416,0.23570226039551587,750,0.23570226039551587,258,0.2182178902359924,111,0.20701966780270628
80,615,0.6924936842053693,405,0.6914170943104372,5,0.688576785938221,338,0.6882971679153123,409,0.6882971679153123
81,839,0.8139416996327989,9,0.8073438004283683,62,0.8063296924462579,330,0.795246503172075,693,0.795246503172075
82,335,0.8117309553721335,744,0.799367421646534,66,0.7975368749731822,402,0.7967803938549309,516,0.7946682806843289
83,351,0.7326936140374227,406,0.7282752230108286,769,0.7269554170380479,812,0.725697440932912,785,0.725037660606756
84,26,0.5161680549491695,621,0.5129124148535126,634,0.5102660413466039,636,0.4979908128141065,650,0.49510865045722624
85,362,0.9594287879374072,52,0.9592691088803217,367,0.9591141138953971,64,0.9563905191484751,59,0.9558285754958714
86,406,0.9416638709792684,366,0.9393960503761113,233,0.9325209447365889,516,0.9320338446370416,350,0.93166445668411
87,708,0.7668055946386731,360,0.7612626597142661,357,0.7612338984694891,623,0.7601340676752502,252,0.7592793868810431
88,88,1.0,159,1.0,214,1.0,775,1.0,787,0.6734612453567504
89,89,1.0,832,0.7464022961497656,616,0.7415327097544718,451,0.7363599249463496,838,0.7352617400007818
90,75,0.715030573052788,185,0.715030573052788,338,0.7030003452322965,409,0.7030003452322965,68,0.7009082369155205
91,516,0.7908275414688325,575,0.7902185788232764,335,0.7864372083669467,342,0.783925160026852,74,0.7830847964193258
92,153,0.7309303443472215,437,0.7308592358525873,536,0.7187555339853265,99,0.7184322056053124,835,0.7175074059695751
93,62,0.8906618052827299,374,0.8817185995451572,640,0.8810579999451529,743,0.8807764026989425,626,0.8786932107294646
94,410,0.9736862653934136,374,0.9514185694143132,153,0.9476588824072741,281,0.9423719026720849,437,0.9417413568649
95,374,0.8912364887075341,348,0.8801059341790244,849,0.8788538239915531,769,0.8768701441813253,615,0.8762087956962699
96,687,1.0,575,0.9656572359380322,516,0.9653798236449914,847,0.9466409598805008,535,0.9372176243265871
97,62,0.7827974035976097,839,0.7711673384402019,398,0.7599523037524168,255,0.7565630770801909,374,0.7553916956829779
98,516,0.8992096832386318,575,0.8990594380984754,337,0.8922778168377494,744,0.8864364247017095,66,0.8855058989720268
99,560,0.9999051464035282,437,0.9599569389508705,360,0.9577131291648199,357,0.9574913471931437,391,0.9567753583188819
100,847,0.7240922293070791,503,0.7044220606872836,76,0.7027935025393304,6,0.6955136024756444,153,0.694131779990148
101,549,0.8689412289159759,33,0.8678311089211178,695,0.8617395157987471,233,0.8614075470453434,406,0.8603403399374395
102,366,0.7815020631940905,623,0.776405662179043,832,0.7746282357260192,838,0.7731298218175713,627,0.7707130696143082
103,224,0.8568777047879849,276,0.8568777047879849,170,0.8557068543830085,611,0.8441285910723504,612,0.8439648853841007
104,451,0.9395794782921127,831,0.9373056853908067,769,0.9314855492621277,330,0.9295619068140626,693,0.9295619068140626
105,417,1.0,391,0.927992971390075,848,0.927992971390075,366,0.9271615572082119,40,0.9269818771447611
106,847,0.7947733769618426,153,0.7911502152515263,437,0.7852787601724819,374,0.7839155316234134,623,0.7770227638399305
107,399,0.9382549876281823,64,0.9299504501232759,367,0.9281061669151952,362,0.9279234513531687,52,0.9278031590656612
108,695,0.8766685970777603,549,0.8759880133698353,33,0.8751033565057481,233,0.8740051407349202,255,0.8678657169412248
109,736,0.8347883721869591,776,0.8326077426997719,374,0.826996619298953,549,0.8222786187934066,33,0.8221908022383556
110,614,0.4814996276122112,506,0.4802492716791408,535,0.47982443417611254,6,0.4783762097112495,239,0.4703962660320243
111,228,0.5877033375470656,308,0.5877033375470656,366,0.5871044387161489,78,0.5863270599569816,623,0.5853139226055517
112,190,0.3185708892502588,217,0.31622776601683794,666,0.2893456933022473,331,0.26923959560093946,652,0.26923959560093946
113,583,0.5217241390121837,548,0.4949015419574726,369,0.48859504524651276,254,0.47470807754573924,355,0.4720227162684777
114,354,0.7801018027936419,58,0.777656494152741,52,0.7759847277462494,367,0.7757433552510071,362,0.775602691486214
115,616,0.7231873672885467,105,0.7220791402083985,417,0.7220791402083985,832,0.7203114336337653,9,0.7200324492528846
116,646,0.31622776601683794,726,0.22941573387056174,786,0.20851441405707477,238,0.15811388300841897,666,0.15249857033260467
117,240,1.0,108,0.830655131387301,839,0.8204987306937368,62,0.8198796522917364,9,0.8193720872955604
118,448,0.5656302366390136,486,0.5656302366390136,811,0.5643874313285138,353,0.5492908142181453,449,0.5237785915288898
119,184,1.0000000000000002,200,1.0000000000000002,256,0.9990885973864456,283,0.9990885973864456,315,0.9990885973864456
120,350,0.8061440671627725,614,0.8019819055914188,506,0.8007656736063035,6,0.7998290601177123,391,0.7963247602048037
121,290,0.5303300858899106,253,0.329252303934259,577,0.30151134457776363,291,0.29672121302810417,277,0.2923626685781175
122,141,0.9450877953158773,611,0.94500128199413,612,0.944960798800047,144,0.9307275732937753,537,0.930559977081999
123,497,0.6942030783425082,644,0.6942030783425082,222,0.6941609346596543,807,0.6876868207860801,706,0.6777591626865151
124,205,0.8693784820265892,534,0.866317554964437,137,0.8527100240381544,50,0.8459584180401102,394,0.83819731257552
125,611,0.9049387545218479,612,0.90489668189391,364,0.899129329081214,205,0.8990742506825588,50,0.8988777775976328
126,838,0.5879774725598351,787,0.5831931625295738,393,0.5804702046593715,616,0.5800679157493661,71,0.5775028295023585
127,535,0.8987176224456453,374,0.8970935522517287,612,0.8961849126181343,611,0.8961356321516905,239,0.8955847484050388
128,130,1.0,61,0.754757270371879,5,0.7413267898797756,509,0.7320361870393761,68,0.723905242662511
129,67,0.4625556625172008,339,0.45509970570444613,58,0.4412564546324114,70,0.43837159467442116,368,0.4350270474021622
130,130,1.0,61,0.754757270371879,5,0.7413267898797756,509,0.7320361870393761,68,0.723905242662511
131,621,0.46424867777173945,166,0.4534133933975277,402,0.4533805807279324,66,0.4525685731719195,508,0.44508066485045894
132,309,0.9999743525092128,465,0.998840912491673,500,0.8805785277245181,337,0.8800269507074556,71,0.8735682617124328
133,835,0.866641256299831,153,0.8589709535238866,516,0.8543142498127888,575,0.8541079728838947,406,0.8488497442054641
134,543,0.9998984908509608,842,0.9868777169740762,613,0.9861159763267685,21,0.9593936436426258,143,0.9584996684682512
135,704,0.4634025808811351,425,0.4627767453090927,226,0.4621882979465718,512,0.4621882979465718,516,0.4598850885512599
136,739,0.9999999999999999,840,0.8366637865314179,361,0.8282417558537039,356,0.8278615575302737,48,0.8277505503533048
137,205,0.9442628763234245,612,0.9361621422184229,611,0.9361536419433185,68,0.9348606655375673,69,0.9348606655375673
138,839,0.8057022423246264,616,0.7778127744010904,835,0.7751858828478645,406,0.7714643127395397,351,0.7702975116609323
139,164,0.4936678433130616,201,0.4936678433130616,502,0.4931541736033102,679,0.4896562984502377,295,0.48372208853456955
140,425,0.9961169896110934,335,0.8874148856896771,516,0.8849670309391143,575,0.8843057082282706,840,0.87776473977339
141,364,0.9747845209131495,537,0.9671749309759178,611,0.9565158034591581,612,0.9563293828711632,522,0.955569792538813
142,675,0.7618483962340148,729,0.6398602860597472,697,0.6159721502354456,132,0.5893157084502394,309,0.5888538031071766
143,21,0.9997310608349036,202,0.9996049662230367,613,0.9742920148237244,842,0.973652233972847,134,0.9584996684682512
144,141,0.9409091859173396,537,0.9369891898743992,122,0.9307275732937753,670,0.9273263390104413,480,0.9227104886293485
145,506,0.9076955039565878,614,0.9076419794075045,6,0.905312956154974,350,0.8981284103060061,535,0.8932008875783657
146,251,0.7156737445816803,847,0.6888048237510945,189,0.6613600092778602,822,0.6613600092778602,535,0.6599494710519322
147,622,0.5092276423021789,162,0.4759971152619871,401,0.47387503787230895,465,0.4725996746323011,132,0.4724214336402241
148,832,0.5057996210043944,366,0.5011760567122646,615,0.4976027122928501,831,0.49239655237871194,338,0.4917559547438736
149,640,0.7896469096090096,5,0.7702643328444407,377,0.7696285838495982,623,0.7657591586584714,61,0.7632204539815767
150,841,0.4468365204413074,849,0.44213237876505335,816,0.4414593567208238,348,0.44031945125154826,228,0.4402338030604749
151,255,0.736608600112963,366,0.7361503248897281,233,0.7339251065327844,360,0.7314671967695148,357,0.7309998970152491
152,729,0.4478315437135681,697,0.42233180089824846,552,0.4217785943946361,63,0.4064897494252966,544,0.405834914521352
153,437,0.9739052592707761,337,0.9696922628015491,847,0.9629046263315313,374,0.9535561398732042,391,0.9529446609365242
154,402,0.7221233525521837,337,0.7210608193071285,66,0.7210504122087006,744,0.7141308144886278,153,0.7133329350161505
155,393,0.4308782052409632,586,0.4192181883927239,381,0.4146981098256823,580,0.4070457892053472,252,0.40555156149962096
156,233,0.8364318796892369,832,0.8340836317907415,338,0.8323660991978472,409,0.8323660991978472,838,0.8214250800420627
157,410,0.9372009106345626,161,0.9300143867884285,94,0.9250872362733689,398,0.9210847650248518,374,0.920432826139297
158,367,0.5805262129264392,469,0.5803397647732387,52,0.5802036196809702,362,0.5801097830117755,607,0.5768667961035174
159,88,1.0,159,1.0,214,1.0,775,1.0,787,0.6734612453567504
160,225,0.6026122713798566,85,0.5734304367419183,67,0.5698869055075412,59,0.5685140000370777,58,0.5600863278045707
161,157,0.9300143867884285,374,0.9246029664825398,743,0.9113448258348297,410,0.911327280353791,153,0.9072654706041443
162,107,0.8859522431292923,401,0.8804542039715678,399,0.8261134427778054,67,0.8214834455754721,70,0.8195224916286306
163,439,1.0,720,1.0,794,1.0,294,0.9967017235718204,831,0.9520865944529672
164,201,1.0,170,0.9134543635258563,364,0.909057377671343,611,0.8969339868620617,612,0.8968951768838881
165,60,0.6916411101371968,590,0.6860892234900587,607,0.6664909477819493,345,0.6645417117830463,437,0.6563930557178489
166,621,0.7318487756511545,437,0.7170658927575195,536,0.7073296488775179,350,0.7037362516913206,153,0.6975440043776411
167,714,0.5447031889723891,190,0.4938245146681906,119,0.49255026711072836,184,0.49255026711072836,200,0.49255026711072836
168,164,0.7473254382435132,201,0.7473254382435132,50,0.7400139392930535,141,0.7368540782807683,534,0.7359630137407133
169,366,0.6658014442738411,449,0.6650853565412143,357,0.6626220389554619,360,0.6625519489217319,849,0.6621460436180612
170,364,0.9733636557188752,611,0.955597450045092,612,0.9555137323680007,141,0.9493709039115272,522,0.9446203969177842
171,402,0.8766637417025629,66,0.8751027257645566,607,0.8674831354198562,744,0.861908956957034,516,0.860491406436893
172,58,0.810555687635421,68,0.8081451570455469,69,0.8081451570455469,404,0.8081451570455469,61,0.8019245123629498
173,551,1.0,647,1.0,751,1.0,374,0.9091388019556348,695,0.9085267739919163
174,612,0.8989493855233694,611,0.8988760714675992,364,0.8938738953846698,170,0.8883257243737744,394,0.8795796545197341
175,71,0.7935182338708523,40,0.7931331531935722,366,0.7930283121940221,391,0.7910597732115127,848,0.7910597732115127
176,705,0.3762409240958951,91,0.37138348993247833,386,0.36962224914040465,781,0.36962224914040465,643,0.3646990687170305
177,212,0.9999999999999998,263,0.9999999999999998,478,0.9999999999999998,403,0.9080895025900845,620,0.907256682480221
178,75,0.4834588564704582,185,0.4834588564704582,811,0.4799311611720602,448,0.4781276614106954,486,0.4781276614106954
179,59,0.5475757452091282,85,0.5467922111404616,847,0.53394727136254,153,0.5298446974703395,337,0.5294618877986386
180,107,0.6369648826908287,339,0.6332688216556751,609,0.631085091891975,64,0.6183742556509909,837,0.6175312017402687
181,595,1.0,831,0.8683093786837938,68,0.8678179561698871,69,0.8678179561698871,404,0.8678179561698871
182,5,0.8741156807865845,274,0.8688473413694257,615,0.8639968471142122,374,0.8637727010521925,33,0.8637072723359394
183,569,0.9999999999999999,99,0.5732168628681604,560,0.5730561584385885,536,0.5464467487015275,402,0.544533500669049
184,184,1.0000000000000002,200,1.0000000000000002,256,0.9990885973864456,283,0.9990885973864456,315,0.9990885973864456
185,185,1.0,769,0.917971880835951,338,0.9161482164221258,409,0.9161482164221258,434,0.909258659789464
186,831,0.7936336985440844,838,0.7861947053922747,744,0.784812927486642,71,0.7784047937084942,337,0.7738623176277458
187,733,1.0,506,0.5347950638348267,6,0.5345026416403365,614,0.5340613777978653,342,0.5098697789066402
188,192,0.4487504675309915,190,0.4058479504122824,820,0.4025398641887107,76,0.40227780726940027,503,0.40157010912113833
189,822,0.9999999999999999,744,0.938504063138202,627,0.9380088398503621,335,0.9286941175512958,402,0.9209137196407429
190,76,0.8348831104442457,503,0.8339033121621169,171,0.7694832030882743,607,0.753475474343573,402,0.7378325594183737
191,744,0.5277746932228048,335,0.5157485484195318,627,0.5087458165008611,66,0.508655120739783,402,0.507257978246117
192,607,0.7760686756152964,575,0.73765435213986,516,0.7370243788545376,503,0.7297299826552021,76,0.7288744407997183
193,344,0.6184062373811631,71,0.608176474749071,18,0.5986523637856556,299,0.5985371435568219,669,0.5973956497285349
194,517,1.0,163,0.6379611244012888,439,0.6379611244012888,720,0.6379611244012888,794,0.6379611244012888
195,835,0.8933633102322217,832,0.8813041129454736,410,0.8748505616085268,94,0.8644862015196428,616,0.8626688256947351
196,838,0.5006155767074307,105,0.49601934572154066,417,0.49601934572154066,335,0.49529380718078936,133,0.49399990640264685
197,698,0.4322938817912701,622,0.394589308587235,20,0.3933978962347216,590,0.388135498052585,60,0.3855403969298615
198,671,1.0000000000000002,364,0.6451696709677328,574,0.6385085344851008,841,0.6311963835693479,628,0.6303286161873416
199,205,0.9457649726392897,769,0.9429611387304552,831,0.9334542307453818,337,0.932248098584116,137,0.9309790322242891
200,184,1.0000000000000002,200,1.0000000000000002,256,0.9990885973864456,283,0.9990885973864456,315,0.9990885973864456
201,201,1.0,170,0.9134543635258563,364,0.909057377671343,611,0.8969339868620617,612,0.8968951768838881
202,143,0.9996049662230367,21,0.9992384547487162,613,0.9742632583706251,842,0.9736423593444292,134,0.9580165199221069
203,357,0.8931522965583988,360,0.892933100287964,252,0.8929278055140291,366,0.888426347372012,391,0.8838209295206251
204,744,0.7073520876879225,75,0.7028793098534867,185,0.7028793098534867,366,0.6957726910938343,840,0.6912761378865904
205,612,0.9508490567189152,611,0.9507385251548502,68,0.9485843065638011,69,0.9485843065638011,404,0.9485843065638011
206,503,0.7603421993032228,76,0.7597031381510523,74,0.7079764462383401,226,0.7057721535514071,512,0.7057721535514071
207,140,0.4014319725046934,425,0.4011989549129042,503,0.3927741244358554,76,0.3926841767515073,820,0.39104452126346834
208,402,0.5581917802713676,66,0.5581063895196728,350,0.5466378352618128,171,0.5439558192494597,335,0.5416857896021183
209,94,0.8391342058924118,68,0.8381831290199426,69,0.8381831290199426,404,0.8381831290199426,352,0.8366108894936055
210,728,0.6030226891555271,663,0.4923659639173309,461,0.48122650318578786,198,0.4769795275449143,671,0.4769795275449143
211,322,1.0000000000000002,96,0.9130605792771941,687,0.9130605792771941,575,0.912585042049475,516,0.9120129066539797
212,212,0.9999999999999998,263,0.9999999999999998,478,0.9999999999999998,403,0.9080895025900845,620,0.907256682480221
213,241,0.5,151,0.49321542506860677,566,0.489958440987385,448,0.47576134184865726,486,0.47576134184865726
214,88,1.0,159,1.0,214,1.0,775,1.0,787,0.6734612453567504
215,64,0.915040156705434,362,0.9045742969186585,52,0.9040409433263809,367,0.903898520485122,837,0.8981881833362689
216,452,0.9950701660063758,108,0.8067290427012168,62,0.8067140341509964,9,0.80097920519613,51,0.7913382183659413
217,631,0.7071067811865475,282,0.5773502691896258,422,0.5773502691896258,764,0.4588314677411235,331,0.44811071494822086
218,449,0.6684722578508357,338,0.6443382145248794,409,0.6443382145248794,708,0.6427498750321757,366,0.6405522200935859
219,811,0.7739039240219722,448,0.7730651538478618,486,0.7730651538478618,849,0.7692652998333616,255,0.7653344108146037
220,575,0.7615340221288461,516,0.7612155277430894,252,0.7571137997628413,350,0.7545480783912997,357,0.7543364754051496
221,358,0.9020115366336862,354,0.8995189913585476,362,0.8992226475465778,52,0.8989438953239808,367,0.8988463962765673
222,497,0.999018768340178,644,0.999018768340178,807,0.9919338077983434,11,0.9015758011018364,706,0.9012709911385239
223,338,0.6993200730016,409,0.6993200730016,382,0.6744207915755005,343,0.6691145604144656,361,0.6688020872463138
224,276,1.0,103,0.8568777047879849,170,0.7792958174466125,611,0.7454154359009977,612,0.7452068666763849
225,67,0.8415614175816601,354,0.8266541304545593,85,0.8204730503702462,362,0.8194669680323436,52,0.8192881053666926
226,512,0.9999999999999998,744,0.8791071654130016,74,0.8750746310739492,71,0.8724571921199077,335,0.870938484905487
227,535,0.7015817701327728,437,0.6958867619601998,153,0.695764384664987,536,0.6954687527653555,614,0.6927868783206724
228,308,0.9999999999999999,273,0.9898648297955716,838,0.90488844171501,831,0.8994093386676505,366,0.899317644591026
229,626,0.9202894172249566,406,0.919112803194201,839,0.9173033026152422,374,0.9158602311888612,9,0.9151485721045467
230,344,0.5509912173354556,690,0.5466687636874208,432,0.5331555333632843,503,0.5280734129377175,76,0.5277914545638803
231,402,0.7174856893959429,66,0.7164842933724358,744,0.6995500359195674,516,0.69827336348189,575,0.6979089711979864
232,401,0.5721513061030459,225,0.5699454474183483,361,0.5447816238507917,356,0.5441105161531119,609,0.541817937519771
233,366,0.9456465732358008,406,0.9395589301978376,549,0.9382139085470337,33,0.9372137023560977,350,0.9370701775391241
234,714,0.4492137751166001,708,0.43638377354629587,603,0.41997627201092813,760,0.41997627201092813,803,0.41997627201092813
235,90,0.5108411079591909,68,0.5091079183779027,69,0.5091079183779027,404,0.5091079183779027,832,0.5071876650719178
236,91,0.25782738701081453,503,0.2516311089904551,76,0.24875402457942017,342,0.23009995583889692,190,0.2280606221729907
237,410,0.8775009363905331,840,0.8766544443850903,776,0.8757444637771153,736,0.8747781564192392,374,0.8711945020973701
238,622,0.5556277753326616,125,0.512375471595635,344,0.5076960508229641,215,0.48303823344366015,544,0.477025486056271
239,612,0.9441464477270723,611,0.9440811220509951,535,0.9427532851799887,522,0.9335460153372838,170,0.9322561236247797
240,240,1.0,108,0.830655131387301,839,0.8204987306937368,62,0.8198796522917364,9,0.8193720872955604
241,387,0.6666666666666666,151,0.5710915448162815,445,0.5488212999484517,7,0.5388159060803247,326,0.5144957554275265
242,838,0.7338018919405584,74,0.7301852161203461,516,0.7287304172068023,575,0.7283106281363284,337,0.7278350691707929
243,323,0.5949017993346309,681,0.5944992340986446,709,0.5944992340986446,364,0.53880730117845,261,0.5340564323461949
244,448,0.7531594784253086,486,0.7531594784253086,811,0.752205808992309,708,0.7350306620120365,449,0.7338125355439937
245,285,0.19611613513818404,746,0.15811388300841897,148,0.10482848367219183,313,0.10259783520851541,475,0.10101525445522107
246,717,0.5366289362709976,151,0.5176379353370224,464,0.49889120367366613,241,0.4923659639173309,329,0.46391851189075345
247,831,0.7514776755665417,744,0.7507235109950103,59,0.7460976397969769,76,0.7458945441408695,503,0.7449336157552937
248,744,0.9040987257788691,335,0.89000040567677,338,0.87831874719933,409,0.87831874719933,669,0.8743505104082698
249,249,0.9999999999999998,571,0.9999999999999998,672,0.9711346445775417,170,0.8503777420413683,619,0.8360803947318693
250,338,0.7300269157005121,409,0.7300269157005121,75,0.7277852207838376,185,0.7277852207838376,831,0.7071401010783497
251,847,0.8564573895853637,96,0.8428015088592233,687,0.8428015088592233,612,0.8313521651091612,611,0.8311703668602528
252,360,0.9991021520674964,357,0.9990835853318683,40,0.9866420423034948,391,0.9864887817510968,848,0.9864887817510968
253,787,0.6647223728593072,233,0.6619281057639803,366,0.6563904916249013,350,0.6517179063417402,252,0.6487735953942624
254,847,0.8426291441908947,403,0.8141980863491576,620,0.8112070789606064,437,0.80894650457392,74,0.8065227239668112
255,549,0.9396775309646159,33,0.938826989897382,233,0.9319426038560455,374,0.931758979158156,406,0.9297259545805354
256,283,1.0,315,1.0,332,1.0,573,1.0,598,1.0
257,762,0.9999999999999999,831,0.9251095351837676,71,0.9241197866890861,744,0.9218783003418023,838,0.913657062199862
258,187,0.4402608823571201,733,0.4402608823571201,614,0.36723127770362124,506,0.3659221630918314,702,0.36454284392858016
259,348,0.7773500384420484,849,0.7735678612986127,359,0.7709916498002001,363,0.770689448397478,611,0.7693149216421378
260,518,0.3333333333333333,800,0.29814239699997197,577,0.251259453814803,121,0.25,645,0.25
261,45,0.8201324109025795,249,0.8201324109025795,571,0.8201324109025795,170,0.8142028873631871,672,0.8098736080130527
262,712,0.9991302187356316,611,0.9565712693856924,612,0.9565655458371076,68,0.9378554670905883,69,0.9378554670905883
263,212,0.9999999999999998,263,0.9999999999999998,478,0.9999999999999998,403,0.9080895025900845,620,0.907256682480221
264,518,0.5773502691896258,728,0.40824829046386296,768,0.3629330931556489,378,0.35007002100700246,155,0.33333333333333337
265,516,0.8706363955349212,575,0.8705023790145044,357,0.8704275270851397,360,0.8701747890461453,252,0.8684158666199714
266,827,0.49827287912243984,387,0.49518756847213835,105,0.44482921003883114,417,0.44482921003883114,437,0.4362552070829488
267,60,0.48752201078808655,590,0.4797960900942229,607,0.4599004255519779,165,0.44929531998004496,825,0.4440206030339823
268,350,0.5956279646198094,366,0.5905373074328452,252,0.58941000136039,360,0.5887527242714246,357,0.5881195267099804
269,831,0.9051733675591327,620,0.9021005776391074,391,0.9018970682757739,848,0.9018970682757739,403,0.9018005934612842
270,669,0.8042615333703401,299,0.8020364399022938,744,0.7840414575942731,257,0.7799123700404078,762,0.7799123700404078
271,410,0.7441608037177061,834,0.7425714772254237,398,0.7411216185943212,157,0.7379304116007155,330,0.7361833180336457
272,535,0.930601131402439,506,0.9291221314564033,614,0.9285937452162819,350,0.9274860891941349,695,0.9263786467598423
273,228,0.9898648297955716,308,0.9898648297955716,838,0.892580753111576,831,0.8909090391578428,366,0.885579309893572
274,374,0.9427977029383333,626,0.9318662027839028,406,0.9289402967819244,153,0.9288455434456931,623,0.9277114720749176
275,847,0.7931438727483209,96,0.7849854220727287,687,0.7849854220727287,680,0.7847662265657926,437,0.7788350511027875
276,276,1.0,103,0.8568777047879849,170,0.7792958174466125,611,0.7454154359009977,612,0.7452068666763849
277,374,0.7569371841217566,336,0.752657060092515,697,0.7526440520820666,769,0.749942108727401,351,0.74944704465474
278,76,0.7088072086944207,503,0.707113625722012,838,0.651493621103234,71,0.649173391380259,744,0.6450420409037466
279,374,0.8514002766993019,403,0.8498097916554666,620,0.8494167467665351,406,0.8460641399250779,769,0.8432834996512931
280,707,1.0000000000000002,716,1.0000000000000002,719,1.0000000000000002,741,1.0000000000000002,67,0.6963277048859501
281,410,0.949389427318476,374,0.9478155695340321,403,0.9460669204047429,620,0.9458413490515621,623,0.9428491209168135
282,217,0.5773502691896258,658,0.4082482904638631,631,0.40824829046386296,788,0.36961063547728645,287,0.3651483716701107
283,283,1.0,315,1.0,332,1.0,573,1.0,598,1.0
284,59,0.7235784109435145,64,0.7060960383782134,399,0.6961324088631685,847,0.6938041607839819,362,0.691719587422632
285,105,0.4606104035004325,417,0.4606104035004325,835,0.4454931681621559,451,0.44320947361102275,827,0.43852900965351466
286,406,0.790628787705712,366,0.7827594503078372,233,0.7788313153334981,787,0.7725846924249549,623,0.7722464771551312
287,76,0.4678656621911468,503,0.46638707638896837,190,0.423991690765441,225,0.3951000912358287,257,0.3901542244838484
288,223,0.3982136979856814,675,0.3653080890066541,497,0.3620002520668189,644,0.3620002520668189,807,0.36187089610743417
289,241,0.3779644730092272,156,0.34449574075542194,175,0.3298117453387365,14,0.3232213632937046,89,0.3232213632937046
290,121,0.5303300858899106,260,0.2357022603955158,370,0.1889822365046136,291,0.18650096164806274,786,0.14744195615489714
291,708,0.6542603868960252,566,0.6338733999516553,47,0.5940443035964649,248,0.5934572850499709,494,0.5925785759069595
292,9,0.8542164451074044,62,0.8538387275246964,839,0.8478859057510896,626,0.8409036984627334,743,0.8399428777311329
293,47,0.6255255529739199,469,0.6243917932517852,48,0.6222803515342108,831,0.6163436449399926,74,0.6125622914988257
294,163,0.9967017235718204,439,0.9967017235718204,720,0.9967017235718204,794,0.9967017235718204,831,0.949049731798174
295,170,0.8713881406397452,535,0.8689223982491889,590,0.8592100053765449,60,0.8546523343247765,239,0.8536331131306811
296,744,0.5709520315052947,616,0.5684267544149085,838,0.5664610188842897,71,0.5663011136395418,423,0.5636206406174938
297,708,0.42015954437037756,566,0.4154833961785763,448,0.41312147777968333,486,0.41312147777968333,449,0.41296258232886623
298,681,0.6981719049387882,709,0.6981719049387882,323,0.6935769125794834,66,0.6886936240736238,402,0.6851371106361231
299,669,0.9994402522364585,403,0.9502091579102928,620,0.9501708554303577,366,0.9501279884664044,744,0.9478515308553784
300,516,0.9457717272293699,575,0.9453344038022695,66,0.9292595178536085,402,0.9283103505781996,847,0.9227578270007871
301,704,0.5129432474528082,58,0.49329327651574584,354,0.48677303038149744,67,0.4866814131758813,837,0.48396191665738847
302,63,0.3945717131884907,544,0.3938455159231359,344,0.3773855149781636,162,0.35037732811472705,823,0.3450327796711771
303,298,0.5237981215255413,35,0.512819607057518,423,0.49521408758679153,351,0.49430229304953033,554,0.49119345596814906
304,252,0.60317703849453,357,0.5980592537180778,360,0.5979356053570453,189,0.5896927316111064,822,0.5896927316111064
305,467,0.32889675724013595,401,0.31358822045362833,544,0.3007014418542861,63,0.29767964611864706,622,0.29677274119035596
306,809,0.27232457492436063,422,0.26490647141300877,190,0.25344562515430014,225,0.23886311050657705,617,0.2369004339442151
307,374,0.8629891279181641,410,0.8588350435987063,769,0.8568575635567145,94,0.8557930371464575,153,0.8552621075686649
308,308,0.9999999999999999,273,0.9898648297955716,838,0.90488844171501,831,0.8994093386676505,366,0.899317644591026
309,132,0.9999743525092128,465,0.9989344080089025,500,0.8807796079540995,337,0.8803232014157432,71,0.8745516775531951
310,437,0.7619839302481569,153,0.7595348408695102,621,0.7570741447754241,337,0.7536598073768702,575,0.7510647114675802
311,156,0.3081263577153073,703,0.3014369218323701,382,0.298469555171986,599,0.2953369399797818,5,0.29295256543403525
312,744,0.9071998425413557,335,0.8941228505434148,66,0.8864784118909949,402,0.8846788332528992,516,0.8836398386580531
313,225,0.6425894907665597,690,0.6329759084556635,831,0.6325184660804788,53,0.6292410288957806,617,0.6270471310860883
314,728,0.5144957554275265,518,0.48507125007266594,663,0.420084025208403,119,0.39889401573831396,184,0.39889401573831396
315,283,1.0,315,1.0,332,1.0,573,1.0,598,1.0
316,170,0.5465647110428221,440,0.5390954403218007,295,0.5370987859094809,619,0.5183429117378897,392,0.5182083901535323
317,75,0.5868288824108566,185,0.5868288824108566,485,0.5867542818625319,338,0.5841437010482123,409,0.5841437010482123
318,465,0.46293324306447803,309,0.46214741910716,132,0.46150683621188493,675,0.45106956647433166,500,0.43967426914170926
319,70,0.6928947594224164,368,0.6897760390945987,225,0.6873924542549057,399,0.6851931806518524,354,0.6805638858272451
320,374,0.9186851126011902,769,0.91752613491905,410,0.9141109829179568,615,0.9057756449408275,743,0.9012481342464327
321,838,0.5180665083928953,133,0.5118795815135957,451,0.5087444811840179,71,0.5051349909163438,14,0.5036101551853349
322,322,1.0000000000000002,96,0.9130605792771941,687,0.9130605792771941,575,0.912585042049475,516,0.9120129066539797
323,681,0.9977748150834037,709,0.9977748150834037,607,0.912041421282812,535,0.9081930051877688,506,0.9073855318900546
324,437,0.6906200126596388,153,0.6677443661700116,99,0.6644763293859988,560,0.662277525736686,535,0.6619645356197773
325,806,0.9718973783010925,808,0.9718973783010925,829,0.9718973783010925,256,0.9712445702760523,283,0.9712445702760523
326,241,0.5144957554275265,304,0.4195492267417874,253,0.4194639746487299,151,0.40066933059344434,252,0.3790077230608479
327,136,0.22739848292079115,739,0.22739848292079115,501,0.18257418583505533,293,0.13801311186847084,47,0.12740830896463862
328,607,0.3919748689746569,493,0.38709843869278276,5,0.38570607540051627,393,0.3733460291220423,228,0.36946879176746233
329,717,0.6484313026604841,464,0.5649001454906276,246,0.46391851189075345,169,0.43226350628425914,746,0.42905816516051654
330,693,0.9999999999999998,104,0.9295619068140626,451,0.9265931726074693,374,0.9223007148859295,410,0.9211400002320619
331,652,1.0000000000000002,190,0.7065877130688716,503,0.6381648811162861,76,0.6363639049793277,714,0.6277505340359207
332,283,1.0,315,1.0,332,1.0,573,1.0,598,1.0
333,837,0.9112390019559811,365,0.9061203624095502,367,0.9038329223179716,52,0.9037845909671209,362,0.9035572260820143
334,362,0.9506756902224449,367,0.9505683905404176,52,0.9503335632989193,64,0.9475863610515368,837,0.9432798330876433
335,744,0.9843293114778581,66,0.9747113291107695,402,0.97379485035644,516,0.9680639710091841,575,0.9672883291684939
336,612,0.9202449893964487,611,0.9201347363087075,670,0.914891466956111,697,0.9145766768092171,122,0.9077829308375717
337,575,0.9705794918285648,516,0.9705012111246073,153,0.9696922628015491,838,0.9688513453967887,437,0.9641056113991406
338,409,1.0,831,0.9480466100219576,838,0.9370420081859006,366,0.9328833411105681,744,0.9321475728515862
339,837,0.9502072261780604,64,0.9474578842071948,367,0.9461369556095447,362,0.9461284351805472,52,0.9460309960915101
340,408,1.0,834,0.9163190115197084,51,0.9125266140265007,743,0.8976768543436349,839,0.8957207519790771
341,410,0.856479272541784,834,0.8470716768804095,51,0.8451656882282939,398,0.839446750174922,340,0.8348628955725704
342,448,0.8673868374309727,486,0.8673868374309727,811,0.8651010382761671,708,0.8571590022837458,338,0.8403521845300346
343,834,0.909733604317103,51,0.8970687835122149,410,0.889131919125358,398,0.8831868682657615,743,0.8775473677536244
344,354,0.801754540130443,399,0.8012745260369599,362,0.8011263355454263,52,0.800954391839102,367,0.800827733524629
345,60,0.9061696530839187,346,0.9047751441635463,590,0.9035720375256174,437,0.901229082747952,620,0.8960338023375009
346,437,0.9350389791440051,620,0.9259107956758373,847,0.9258203568831361,403,0.9256874257698767,153,0.9244356496689182
347,611,0.7636805536687236,612,0.7633861121418698,68,0.7628637966909728,69,0.7628637966909728,404,0.7628637966909728
348,849,0.997595865893158,359,0.9895255327429955,363,0.9891976651754565,836,0.9731684010374991,620,0.943482466429922
349,58,0.7713450299818002,361,0.769786286121819,356,0.7692163017848269,354,0.7573409867553869,367,0.7564514304411866
350,40,0.9665626058543179,391,0.9664724580557107,848,0.9664724580557107,252,0.9635881759817402,614,0.9633781800153327
351,374,0.9603859704212967,743,0.948019754733146,615,0.9395270914023258,337,0.9395074383894462,411,0.939294606494116
352,407,0.9997824610607616,365,0.95324053901948,399,0.9485092134990835,358,0.9483776062464245,153,0.9481563382184978
353,695,0.8473648000195375,449,0.8431610070030356,233,0.8389807466134995,255,0.8377640675375709,811,0.8372126334091788
354,52,0.9976361070851592,362,0.997580535127876,367,0.9975490818917403,358,0.9827102044062962,837,0.9815333503969866
355,369,0.9938154178699321,583,0.9482652058640801,400,0.8542349785585924,390,0.8164313124638091,836,0.8149280142764693
356,361,0.9999202675999797,58,0.9647398827375611,354,0.954616248956973,52,0.9506682326347883,367,0.9505318468915451
357,360,0.9999919371162874,252,0.9990835853318683,391,0.9871457480562543,848,0.9871457480562543,40,0.9871078693707989
358,362,0.9853815729320624,52,0.9853367348733915,367,0.9853201633547483,354,0.9827102044062962,837,0.9801892949521509
359,363,0.9996248562784689,348,0.9895255327429955,849,0.9892085090391762,836,0.984880954917396,612,0.9290389640329789
360,357,0.9999919371162874,252,0.9991021520674964,391,0.9871251901407035,848,0.9871251901407035,40,0.9870908668364113
361,356,0.9999202675999797,58,0.9644826034873255,354,0.9537145485579136,52,0.9497484223912973,367,0.949618947678681
362,52,0.9999809318672617,367,0.9999789618485371,354,0.997580535127876,837,0.9870602051591784,358,0.9853815729320624
363,359,0.9996248562784689,348,0.9891976651754565,849,0.9890289294273172,836,0.9856017777243896,612,0.9285580344856775
364,141,0.9747845209131495,170,0.9733636557188752,611,0.966593988368696,612,0.9664384833961533,522,0.9564379234044593
365,399,0.9764599129396535,367,0.9685643166193374,52,0.9684175334879073,362,0.9683905840454947,358,0.9656009247112927
366,252,0.9858784891004149,360,0.985128649337769,357,0.9850408314175624,391,0.9762358984280426,848,0.9762358984280426
367,52,0.9999855531277551,362,0.9999789618485371,354,0.9975490818917403,837,0.9871656290396068,358,0.9853201633547483
368,70,0.9965632488391731,67,0.9498756810501112,358,0.9466227630997701,365,0.9445427168111068,399,0.9428092877650743
369,355,0.9938154178699321,583,0.9509135210999627,400,0.8649115815358643,836,0.8248840104742595,390,0.8222277919344456
370,729,0.5270338474668488,697,0.5263894693399203,336,0.514297945060043,277,0.4750742361495508,679,0.4717665231092625
371,782,0.4324221282668432,313,0.4241386024756461,53,0.4156120466783557,57,0.40582023249338767,625,0.3969816240493629
372,401,0.5809440557030162,225,0.5570275953226124,503,0.5533505458711115,76,0.5527920541749581,356,0.5454667129463573
373,271,0.6481045514955954,839,0.6400813881381666,832,0.6366527303662262,9,0.6363935363914623,385,0.6358302522623845
374,743,0.9800713240823102,410,0.9628499925535785,351,0.9603859704212967,626,0.9578767367394986,398,0.9551357254205799
375,839,0.5798098514249839,340,0.5674235147020168,408,0.5674235147020168,821,0.5669223521094352,62,0.5644361223328351
376,342,0.3425309004583008,448,0.34208307707698377,486,0.34208307707698377,811,0.34051371772861255,708,0.3317073558855731
377,5,0.9088233082494525,623,0.8991681184138084,61,0.8940393841949508,94,0.892725278222068,410,0.8925846305540044
378,607,0.5568590131877859,841,0.5530597535072169,40,0.5262594434621859,825,0.5248314904307558,391,0.5242613332671978
379,646,0.31622776601683794,206,0.3141021657418992,764,0.30588764516074896,699,0.27387787504079336,115,0.27136385947023145
380,85,0.672799103422871,225,0.6470633854699739,59,0.6407692909823861,70,0.6326828186374263,365,0.6322736688174682
381,627,0.6607993861823113,335,0.6601963899112102,402,0.6579511404923499,252,0.6575997297422688,66,0.655278900370415
382,5,0.8375689378715823,75,0.8291309007329336,185,0.8291309007329336,405,0.828167804075145,736,0.8215431687382019
383,27,0.3458267579550995,752,0.3458267579550995,603,0.3414833935548999,760,0.3414833935548999,803,0.3414833935548999
384,602,0.9085303043448979,410,0.9047600653380705,374,0.904712877521344,94,0.9026094047525266,398,0.8970719781826418
385,157,0.9078276454512476,410,0.8753221386762097,558,0.8744324433186559,161,0.8734830229617205,615,0.8707465535868179
386,781,1.0,516,0.858357154414731,575,0.8581084590578111,74,0.8542739276502439,607,0.854000024250749
387,241,0.6666666666666666,827,0.5962847939999439,105,0.5605055807026632,417,0.5605055807026632,151,0.5364799360395371
388,568,1.0000000000000002,337,0.8413904384401019,744,0.8384720372922134,838,0.8384437414201558,71,0.8356532304767013
389,26,0.4619792697754337,350,0.4605084131508439,300,0.46036485414012585,406,0.4575871043438138,402,0.4534069152793309
390,398,0.9865974270305748,410,0.9550574466984145,374,0.9488132043019002,743,0.9408725522425404,94,0.9345435548093254
391,848,1.0,40,0.9994433537028892,357,0.9871457480562543,360,0.9871251901407035,252,0.9864887817510968
392,619,0.9999916616524182,394,0.961363261341267,412,0.953767475447179,50,0.9436262860553469,364,0.9368018983062073
393,626,0.9262612742277366,374,0.9224656333914494,623,0.9196552476396554,743,0.9162831935953331,406,0.9125711435914389
394,392,0.961363261341267,619,0.9613455131143135,50,0.9594496354746509,141,0.9452405192470303,612,0.9396553734164125
395,837,0.9245295786215745,52,0.9078508194441245,367,0.907705439886799,362,0.9075192594097872,358,0.9068441709894589
396,402,0.9060283179106212,66,0.9046924378709885,516,0.8921382621849214,575,0.8920700222060838,744,0.8919083568104381
397,364,0.9174342180028452,170,0.907375021365708,611,0.9057454903655341,612,0.9057039133814945,65,0.9055021428406412
398,390,0.9865974270305748,410,0.9619568793615677,374,0.9551357254205799,743,0.9519581483578634,51,0.94894086187965
399,365,0.9764599129396535,362,0.9756648050221831,367,0.9755981528015902,52,0.9755285361426883,358,0.9715705427521979
400,410,0.8856758712639766,374,0.8727096676338882,398,0.8723769350053798,390,0.871976185494972,743,0.8706692301436187
401,162,0.8804542039715678,107,0.8523336070086944,399,0.8343640402287422,67,0.8207388127799187,356,0.8152240821650959
402,66,0.99974860109725,744,0.9778026317580267,335,0.97379485035644,516,0.9737090788330612,575,0.9732489730981403
403,620,0.9998302128188674,357,0.9851498025300065,360,0.9850384072936829,252,0.9818394500827535,391,0.9762518407533031
404,69,1.0,404,1.0,611,0.9590406684357844,612,0.9590280954452328,205,0.9485843065638011
405,615,0.9285398067878289,5,0.9178799012667481,838,0.9028593886219578,56,0.8969776111041401,831,0.8950744117477868
406,357,0.9644240384683308,360,0.9644126561547044,252,0.9622411135815467,391,0.9619272645452196,848,0.9619272645452196
407,352,0.9997824610607616,365,0.9528466159017809,153,0.949026260455756,399,0.9482446672595669,358,0.9478846617887824
408,408,1.0,834,0.9163190115197084,51,0.9125266140265007,743,0.8976768543436349,839,0.8957207519790771
409,409,1.0,831,0.9480466100219576,838,0.9370420081859006,366,0.9328833411105681,744,0.9321475728515862
410,94,0.9736862653934136,374,0.9628499925535785,398,0.9619568793615677,743,0.9579245052670291,390,0.9550574466984145
411,743,0.9517571366206558,374,0.9411014878292238,351,0.939294606494116,410,0.9198060440389628,398,0.9068823266031765
412,392,0.953767475447179,619,0.953757924175789,394,0.9367776938567715,50,0.9210656553075932,612,0.9082546978918118
413,331,0.546337130002274,652,0.546337130002274,261,0.49974937109138273,672,0.4982392488040265,45,0.49286594698110825
414,74,0.5251608977248958,163,0.5248255182856453,439,0.5248255182856453,720,0.5248255182856453,794,0.5248255182856453
415,748,1.0000000000000002,217,0.30499714066520933,723,0.24902912254587614,513,0.23593539819770903,714,0.22768100665266117
416,503,0.33268023148106823,76,0.33087279243599943,523,0.32000048393304487,261,0.3018358459375768,724,0.3004626062886658
417,417,1.0,391,0.927992971390075,848,0.927992971390075,366,0.9271615572082119,40,0.9269818771447611
418,603,0.9961848146360339,760,0.9961848146360339,803,0.9961848146360339,516,0.8506876441816003,575,0.8503535603192693
419,626,0.859913648949152,374,0.8564323035087191,743,0.8553055078815193,549,0.8549384060306071,33,0.8545592322140829
420,58,0.7874272330245801,356,0.7743071918858645,361,0.7735774452059943,354,0.7708728279154998,67,0.7648110461745851
421,364,0.6816910278776661,847,0.6789323229645383,397,0.6778065046216463,164,0.674910754148196,201,0.674910754148196
422,217,0.5773502691896258,19,0.4082482904638631,167,0.40824829046386296,631,0.40824829046386296,188,0.39735970711951313
423,744,0.9006681705513652,71,0.8885026923298395,831,0.887665919676689,335,0.8829393946037128,669,0.8829123795168985
424,108,0.49691063179403133,698,0.41689799822885765,216,0.4116714330983951,452,0.4087530942746392,755,0.39825329485654687
425,140,0.9961169896110934,335,0.8876108647101876,516,0.884350050546626,575,0.8836394929375457,840,0.8777871895766172
426,413,0.4312287725435882,331,0.3695215619405123,652,0.3695215619405123,825,0.3629675728212704,672,0.3252580481531335
427,429,1.0,570,1.0,649,1.0,623,0.9196524910861471,5,0.9145818818560337
428,482,0.5355041604715624,253,0.4988925789283044,81,0.47932730374490007,105,0.47725999338057024,417,0.47725999338057024
429,429,1.0,570,1.0,649,1.0,623,0.9196524910861471,5,0.9145818818560337
430,402,0.7089838922829833,76,0.7073293036702595,66,0.7066677641958309,503,0.7059410174378908,335,0.6968033343202122
431,70,0.47112034628917304,368,0.46333971655486667,609,0.45569796954209957,67,0.4550003174315176,85,0.4528891270375944
432,554,0.8556587843777067,744,0.8480635074483583,402,0.8447921135514865,66,0.8445100979665466,681,0.8405253465872349
433,841,0.6114201215576732,170,0.5956432293162975,522,0.5914194699551222,515,0.5898831894282951,813,0.5898831894282951
434,831,0.9244009299373954,769,0.9220578064105326,406,0.9213745499685144,744,0.9195354156729793,71,0.9185868313798622
435,280,0.68377177950044,707,0.68377177950044,716,0.68377177950044,719,0.68377177950044,741,0.68377177950044
436,566,0.33345228843777097,675,0.30847502918214953,527,0.30723301138984277,608,0.30447209664999186,58,0.29966965167921783
437,153,0.9739052592707761,847,0.9681911972186334,575,0.9651934882894768,516,0.9648425811588267,337,0.9641056113991406
438,252,0.7381472853782777,357,0.730957890604839,360,0.7308872797465612,366,0.730585776777253,40,0.7304380955081532
439,439,1.0,720,1.0,794,1.0,294,0.9967017235718204,831,0.9520865944529672
440,394,0.912005568673239,392,0.9018574503986055,619,0.9016277240750995,50,0.8906501805619903,412,0.8851273834066125
441,402,0.683580614688334,66,0.6824768836441928,350,0.672692244844836,838,0.6722365508063627,335,0.6700966704711775
442,809,0.40243391943750306,76,0.399490379990008,503,0.39543805449654373,820,0.39458199842594893,617,0.39119679266885937
443,71,0.5994764597241891,136,0.598626716266503,739,0.598626716266503,838,0.5978007810274611,617,0.5889676484274311
444,836,0.806276929699704,137,0.8032447866924383,205,0.8003133673578764,58,0.786425304508856,363,0.7857133530845816
445,151,0.57556632010145,366,0.5494166725919549,241,0.5488212999484517,602,0.5481680036464699,78,0.5395498009345636
446,272,0.5395228952660157,536,0.5276672458251576,182,0.514894829425639,621,0.5115999084328299,634,0.5033504953336342
447,615,0.8937008051471312,575,0.8924352114371084,516,0.8922099155786509,96,0.8801144788099341,687,0.8801144788099341
448,486,1.0,811,0.9995829334454941,708,0.9187165079994346,449,0.8955282544505262,566,0.8827748861848116
449,448,0.8955282544505262,486,0.8955282544505262,811,0.8942143318048925,708,0.8928472589296889,566,0.8835081921527181
450,335,0.5671310429914849,787,0.5659621634823758,366,0.5647764969903404,252,0.5637776920157317,71,0.5566113731149795
451,104,0.9395794782921127,330,0.9265931726074693,693,0.9265931726074693,769,0.914463096564047,374,0.9128834098175538
452,216,0.9950701660063758,62,0.8198742502922969,9,0.8161630990146724,108,0.8112148193063846,839,0.8029535020351949
453,831,0.7857320815898032,338,0.783142649559731,409,0.783142649559731,75,0.7830376366056173,185,0.7830376366056173
454,726,0.2073221072156823,235,0.20334751282094435,459,0.1987615979999813,223,0.165471860706308,464,0.15795970073575796
455,233,0.5361145447516942,71,0.518914799244605,838,0.5046718420615541,744,0.4966388937770201,255,0.49613134243038454
456,62,0.8207394017990803,839,0.8163461014313513,374,0.8159989309164559,743,0.8121118381072856,398,0.8100344631954559
457,5,0.7202658020615564,56,0.7118772376525261,437,0.7090304500778195,352,0.7068298832623796,407,0.706606184745804
458,397,0.502781176475647,65,0.4882090664845165,592,0.48627219309116204,472,0.4640822789214437,144,0.4476516634143513
459,596,0.4895691358821281,519,0.4858945122251936,24,0.47839267617923337,164,0.47736441387735945,201,0.47736441387735945
460,6,0.7395000716536749,506,0.7350482994796815,614,0.7339026283499016,535,0.7310462333890833,612,0.7276882646641262
461,252,0.6697953285436007,360,0.664799867733528,357,0.6647769928235415,40,0.6630395281174274,620,0.6625870977514766
462,96,0.8081810002881873,687,0.8081810002881873,337,0.7962570943337159,8,0.7911619676013636,847,0.7864813534303774
463,141,0.5872513334559109,554,0.5789439612401784,737,0.5762745059530311,480,0.5715145068072456,394,0.5680756355406351
464,717,0.6265880056278921,329,0.5649001454906276,11,0.5558108502010435,706,0.5534928878775764,222,0.5098560884113947
465,309,0.9989344080089025,132,0.998840912491673,337,0.8828930455561658,71,0.8776071286775309,500,0.8761297226537126
466,205,0.8597738859284275,612,0.856175517305281,611,0.8561546167225436,364,0.8529563410105259,141,0.8515311592037788
467,503,0.5707552920235629,76,0.5699365709795015,344,0.5325061983530189,585,0.5300869704205033,215,0.5265769842921305
468,233,0.5634777270707926,838,0.5421630323500489,98,0.5418962702395873,71,0.5418801958408653,617,0.5404692900003207
469,840,0.9296471432951209,769,0.9249404894900426,374,0.9120735908561893,33,0.9112718192205661,549,0.9111014181367117
470,635,1.0,621,0.6152496062493222,350,0.6145498602112888,211,0.6126615032997533,322,0.6126615032997533
471,71,0.6833432759140635,838,0.6773521612046969,744,0.672828363908655,708,0.6644265412537721,257,0.6618482784099803
472,137,0.8375549414047464,144,0.8365403032244835,358,0.8356180841829642,205,0.8330926356308622,362,0.8315931807168357
473,612,0.7527038460181251,611,0.7525885589835324,51,0.7434130378937719,626,0.7371821000509365,390,0.7340759401121084
474,378,0.3131121455425747,208,0.2839809171235324,430,0.2815154282265681,577,0.27247463045653303,166,0.27225416580808315
475,257,0.534597943337216,762,0.534597943337216,838,0.5342295419134774,615,0.5284570358604306,71,0.5276821600114895
476,847,0.7102078940901182,40,0.6983793080546119,391,0.6973973855930505,848,0.6973973855930505,357,0.6954949744740313
477,355,0.623998361604346,369,0.6239785074385849,583,0.6211154564915025,400,0.5601863334359604,729,0.49773025966378726
478,212,0.9999999999999998,263,0.9999999999999998,478,0.9999999999999998,403,0.9080895025900845,620,0.907256682480221
479,579,0.9999999999999999,819,0.9999999999999999,837,0.9261099199820951,339,0.9192390453006014,367,0.9188278888934168
480,144,0.9227104886293485,141,0.9129330261844266,737,0.9116087424227415,537,0.8991170258426914,364,0.8813337417103382
481,233,0.5057362910291797,832,0.5049966155952992,787,0.4989620179948592,589,0.4933277059286348,696,0.4933277059286348
482,153,0.7713989794323407,366,0.7686689755487831,391,0.7650215738352857,848,0.7650215738352857,847,0.7647780449579215
483,567,0.8567621381606356,137,0.7284566243180528,769,0.7282318675331728,61,0.7242169721775915,574,0.7187899650419851
484,847,0.6723203232708318,6,0.6561871713201768,614,0.6555440505169539,506,0.6550022289601106,74,0.6493783435105519
485,616,0.9197487885003275,374,0.915431442743111,615,0.9121310390656756,410,0.9121252301206247,623,0.9109781976357506
486,486,1.0,811,0.9995829334454941,708,0.9187165079994346,449,0.8955282544505262,566,0.8827748861848116
487,300,0.45871036674898014,406,0.45198756652979616,639,0.4487042617302528,10,0.44821297280266764,398,0.4477147389292931
488,437,0.6311389874573521,350,0.6188911510091318,5,0.6172004238005601,838,0.6170317407960312,695,0.6165640849965169
489,354,0.7550350135325843,708,0.7507423891177426,338,0.7506018377689975,409,0.7506018377689975,58,0.7489466795822215
490,612,0.8128852525247361,611,0.8128503174323986,364,0.8106008242268138,620,0.808148104611614,403,0.8072325185209712
491,826,0.2286647801900118,223,0.2049342681157384,518,0.20412414523193154,665,0.20272121351984582,304,0.196178503126766
492,348,0.5029832104530125,390,0.5023530003255928,359,0.49883198347524177,363,0.49847042138412534,836,0.4952727035907052
493,261,0.601237922077221,672,0.5657668666826446,45,0.5526650304481241,249,0.5526650304481241,571,0.5526650304481241
494,537,0.9085802608441725,141,0.9046293674563873,144,0.8944441670840215,611,0.8922540308597617,612,0.8921743176208513
495,167,0.40824829046386296,190,0.39407418396956945,807,0.3866535358631391,497,0.37640425458465526,644,0.37640425458465526
496,323,0.6118705710480135,681,0.6114874529054138,709,0.6114874529054138,535,0.6110799725449862,170,0.6013914726182717
497,644,1.0,222,0.999018768340178,807,0.9937959842138885,11,0.8997671947031023,706,0.8994591363130893
498,448,0.5435431463476356,486,0.5435431463476356,811,0.5420520050532177,708,0.5122245068879588,449,0.5045619592270949
499,338,0.8088648503667191,409,0.8088648503667191,831,0.8012870707504399,744,0.7992151083691392,838,0.7990793064734046
500,309,0.8807796079540995,132,0.8805785277245181,465,0.8761297226537126,838,0.7866512589594149,163,0.7804759600758315
501,715,0.5022633437169138,48,0.5008580095493903,199,0.474226394507615,438,0.4711722445902874,831,0.46859198823487574
502,294,0.8571346922629766,163,0.8530399851930077,439,0.8530399851930077,720,0.8530399851930077,794,0.8530399851930077
503,76,0.9996851576191744,744,0.8706475758383031,402,0.8647031476059044,335,0.8632646243472214,66,0.8628815782118779
504,617,0.6919207330189263,787,0.6815456865650145,71,0.673468646216911,74,0.6723078445399007,338,0.6671906269623196
505,575,0.829228283326308,516,0.8291986622009564,27,0.8278223731641831,752,0.8278223731641831,620,0.8225323917216425
506,614,0.9997627326264531,6,0.9994608152375744,535,0.9657206563087964,350,0.9629947729187832,357,0.9616368913978032
507,108,0.7516769966588114,255,0.7488068575227358,549,0.7396007454683429,695,0.7383501658391074,33,0.7383038217540073
508,437,0.8502887680331366,153,0.849791321561093,575,0.849706538733652,516,0.8493851865333353,406,0.8470710768246779
509,612,0.9107192268021557,611,0.910473016933733,61,0.8959301260195675,170,0.8830327623566885,68,0.8756085031293622
510,190,0.47457671768461857,672,0.45013797742242173,45,0.44315965934907225,249,0.44315965934907225,571,0.44315965934907225
511,668,0.39724264232667633,386,0.3895962142282344,781,0.3895962142282344,597,0.3773849385388363,105,0.3749154447096543
512,512,0.9999999999999998,744,0.8791071654130016,74,0.8750746310739492,71,0.8724571921199077,335,0.870938484905487
513,76,0.5730652806933686,503,0.5719542068231298,386,0.5324118268673913,781,0.5324118268673913,690,0.5312236811131464
514,847,0.8395115239331301,357,0.834496445468449,360,0.8341391150914262,403,0.8325105552995973,620,0.8317377013851734
515,813,0.9999999999999998,612,0.8048737505459787,611,0.8045596222714757,841,0.8039217612512645,364,0.7972091378223954
516,575,0.9999523063644757,66,0.9744597859108114,402,0.9737090788330612,337,0.9705012111246073,335,0.9680639710091841
517,517,1.0,163,0.6379611244012888,439,0.6379611244012888,720,0.6379611244012888,794,0.6379611244012888
518,728,0.7071067811865475,264,0.5773502691896258,663,0.5773502691896258,314,0.48507125007266594,378,0.48507125007266594
519,626,0.9060672370810728,33,0.9010905275424397,549,0.9008851397740463,391,0.8960474947622187,848,0.8960474947622187
520,340,0.6395055663394725,408,0.6395055663394725,640,0.6393356813792265,9,0.6379281340797058,834,0.6339969331225175
521,523,0.25285275734345747,416,0.23756554836659946,786,0.2364331218717302,192,0.2341653399625722,783,0.23353162575874686
522,364,0.9564379234044593,141,0.955569792538813,611,0.952750976259325,612,0.9526674268767586,170,0.9446203969177842
523,103,0.44812712456509174,261,0.44453108736698493,45,0.44400479720312497,249,0.44400479720312497,571,0.44400479720312497
524,64,0.655313252782145,164,0.6546783264998794,201,0.6546783264998794,215,0.6468176710209768,170,0.6451351219754389
525,587,0.6954424509923213,339,0.6837413025010457,479,0.6694590396175137,579,0.6694590396175137,819,0.6694590396175137
526,640,0.514858164369239,839,0.5029744571522543,9,0.5013527320306782,81,0.4972035032558659,93,0.49525359494881643
527,590,0.39919992681094557,60,0.39697378292276114,224,0.3840976838786303,276,0.3840976838786303,346,0.38397172743674907
528,338,0.6226115124401946,409,0.6226115124401946,342,0.6193965837325247,163,0.6170858318079183,439,0.6170858318079183
529,410,0.7990896895571517,837,0.7806787998372215,398,0.7782168336422888,390,0.7761121017780068,94,0.7755034912239417
530,5,0.7444124685539958,410,0.7302981074289195,558,0.7288888085374587,743,0.7224063913966496,615,0.7209981612218832
531,374,0.8417792565860177,743,0.8310224934163062,695,0.8300463756036959,626,0.828479493857343,33,0.8276762949418177
532,261,0.724291374349608,50,0.7233135206438448,103,0.7195410994228484,170,0.7131183286134646,412,0.7074947164577803
533,28,0.2439346884545225,658,0.21320071635561047,657,0.1934294858246657,103,0.187247668354234,82,0.18511005987178075
534,394,0.9100140313401874,141,0.9080544633243351,205,0.9067942814380919,50,0.8967136907993536,670,0.8965647868723365
535,614,0.965775080440904,506,0.9657206563087964,6,0.9654985788279467,437,0.9598196136856116,620,0.959785753893877
536,437,0.9472326107820014,153,0.9454702732323069,337,0.9306563867467905,575,0.9244361708570303,516,0.9237783378559391
537,141,0.9671749309759178,364,0.9382438648642559,144,0.9369891898743992,122,0.930559977081999,611,0.929859239911267
538,144,0.6192242604629196,554,0.6155766168760236,537,0.6134568028364206,394,0.6120924739688489,141,0.6083474446245212
539,338,0.6846423321485472,409,0.6846423321485472,75,0.6836850132593796,185,0.6836850132593796,708,0.683215110543604
540,611,0.9034502975956049,612,0.9032398404950325,61,0.898073727645546,348,0.8955860141742193,68,0.8940681232314924
541,786,0.29488391230979427,683,0.26726124191242434,44,0.11470786693528087,238,0.11180339887498948,666,0.10783277320343841
542,13,0.7628689341173603,662,0.7628689341173603,744,0.6163524597428797,257,0.6127597015191064,762,0.6127597015191064
543,134,0.9998984908509608,842,0.9867972249428277,613,0.9859928776470204,21,0.9591187744310866,143,0.9582307930243166
544,63,0.9993254542002148,344,0.7661338339699552,465,0.7624281411940751,309,0.7599680672607192,132,0.7589345686706975
545,26,0.7272602265333199,549,0.7210332011002581,33,0.7204466772129451,591,0.7187674624706248,350,0.7180849837563987
546,337,0.9406856960431634,838,0.9200914609451339,153,0.918237098209871,744,0.917850933761523,71,0.9147316712994534
547,355,0.44539623250764626,609,0.4384991932140717,583,0.43718884086138887,67,0.4321406305728376,70,0.43158421667955577
548,583,0.5602224219752978,369,0.5237796466163845,355,0.5191523344145773,113,0.4949015419574726,254,0.42167597869214796
549,33,0.9999083269477674,357,0.9682818165389525,360,0.968254930052769,403,0.9657269510812538,620,0.9653844932952688
550,90,0.4939063820312235,846,0.4700892965968155,754,0.4480551807849722,12,0.4429761091023609,528,0.4373106256346467
551,551,1.0,647,1.0,751,1.0,374,0.9091388019556348,695,0.9085267739919163
552,744,0.8993997022180655,71,0.8989561962557027,838,0.8930342051928627,831,0.887112405239506,335,0.8841797201538544
553,108,0.7216323261905891,549,0.6820898829991936,33,0.681968119741177,353,0.6754846373535895,695,0.6664752185527922
554,141,0.9220790769692107,364,0.9183043818671554,205,0.9128054301494558,611,0.912543344076924,612,0.9124458654467679
555,266,0.39391929857916763,428,0.37499999999999994,766,0.3682852547855478,151,0.36711154910717614,835,0.3637437652818606
556,543,0.6032769376701911,134,0.602768137502992,261,0.5931746746770293,346,0.5762316575954888,847,0.5758390074052349
557,407,0.6091361929178282,352,0.608194604588465,847,0.601302135673142,365,0.5992312483723551,437,0.5948881162395749
558,410,0.9162783672749625,199,0.9091311650385707,615,0.9085008490232135,337,0.9069791276712181,351,0.9028001990830419
559,708,0.7423077147197463,448,0.730218206388274,486,0.730218206388274,811,0.7296584150900733,566,0.7246913148920439
560,99,0.9999051464035282,437,0.9598333661635818,360,0.9588501567424206,357,0.9586348639998181,391,0.9574661438902696
561,711,1.0,368,0.6811584879092968,85,0.6795164484134013,67,0.6792052052209169,358,0.6782128935751538
562,405,0.8799553232322566,615,0.877572729039934,5,0.8663450032413277,161,0.8467041879886249,61,0.8416419237307265
563,390,0.6567943766748977,410,0.6515646438913785,398,0.6463645464864176,374,0.6418260490509548,847,0.6415452124225209
564,160,0.3835524240649237,380,0.36068355407754826,225,0.3592796620140937,624,0.33559243713916187,361,0.3264372775372344
565,837,0.8239710237998694,362,0.8200920576705572,52,0.8195875571386855,367,0.8194062613957257,85,0.8148118469540515
566,708,0.9155419850710683,449,0.8835081921527181,448,0.8827748861848116,486,0.8827748861848116,811,0.8813534832933704
567,483,0.8567621381606356,144,0.622043321552804,708,0.6218426997478543,670,0.6189104288395011,61,0.6158367019133216
568,568,1.0000000000000002,337,0.8413904384401019,744,0.8384720372922134,838,0.8384437414201558,71,0.8356532304767013
569,569,0.9999999999999999,99,0.5732168628681604,560,0.5730561584385885,536,0.5464467487015275,402,0.544533500669049
570,429,1.0,570,1.0,649,1.0,623,0.9196524910861471,5,0.9145818818560337
571,249,0.9999999999999998,571,0.9999999999999998,672,0.9711346445775417,170,0.8503777420413683,619,0.8360803947318693
572,744,0.7519826233220916,71,0.744441713549125,335,0.7376635966708853,248,0.729797914943306,66,0.7282927737299555
573,283,1.0,315,1.0,332,1.0,573,1.0,598,1.0
574,744,0.9238314410476394,335,0.9193450232679355,669,0.9147610727934299,831,0.911866919702483,299,0.911776387357311
575,516,0.9999523063644757,66,0.9739955461032558,402,0.9732489730981403,337,0.9705794918285648,335,0.9672883291684939
576,225,0.48614977407180776,162,0.38072588413814534,401,0.37945270858163327,59,0.3608416816340862,160,0.36011930928507496
577,607,0.49653305782374224,630,0.49140473740766993,300,0.491112923926846,825,0.4878139466552834,516,0.4865556519905752
578,437,0.845966634911524,838,0.8399534508001141,623,0.8393446501812575,153,0.8384564213630014,5,0.8364365994122659
579,579,0.9999999999999999,819,0.9999999999999999,837,0.9261099199820951,339,0.9192390453006014,367,0.9188278888934168
580,627,0.5867208712434836,831,0.5839412468865967,189,0.583282448853261,822,0.583282448853261,335,0.5729554601976744
581,163,0.6502497574285767,439,0.6502497574285767,720,0.6502497574285767,794,0.6502497574285767,294,0.6464529800576816
582,251,0.5204236327787481,629,0.517513736608994,106,0.5147556846927364,397,0.505230670680021,211,0.4980614187236815
583,369,0.9509135210999627,355,0.9482652058640801,400,0.8313565391269978,390,0.8134340034523021,847,0.8038981760269661
584,787,0.658349424350354,708,0.6491393850649547,74,0.6487167105468234,233,0.6456087355735991,335,0.643225425485709
585,61,0.7078026421297452,615,0.7001424519412642,607,0.699754288828755,157,0.6983426123305627,333,0.697677423995459
586,516,0.8458846313873197,575,0.8454342650194862,335,0.8443282435983236,744,0.8383470840845144,402,0.8313837352037198
587,525,0.6954424509923213,64,0.6851022167768184,365,0.684476459144428,339,0.6842534081740201,59,0.6824959856252981
588,350,0.73420631754768,9,0.722555218584536,695,0.7198773148737936,374,0.7191522504638398,233,0.7188325191387678
589,696,1.0,153,0.9081910915321051,374,0.905894487400584,623,0.896123300847967,9,0.8949792324128014
590,60,0.9957329177707875,607,0.9046030232062198,345,0.9035720375256174,437,0.9004862639220536,323,0.8907373402886174
591,16,0.966775138029818,549,0.8399364958161022,33,0.8392312517423722,350,0.8240301229470607,516,0.8233094538464153
592,708,0.7253134560426442,144,0.7028193570731784,449,0.6982601338219488,448,0.6973767355980222,486,0.6973767355980222
593,611,0.8375989383074461,612,0.8375750943747642,104,0.8368309470439413,374,0.8362866772687143,68,0.8338504052521072
594,549,0.9021597595008275,33,0.9019998094570436,374,0.8987760994350239,769,0.8933854105259286,835,0.8931231048128478
595,595,1.0,831,0.8683093786837938,68,0.8678179561698871,69,0.8678179561698871,404,0.8678179561698871
596,239,0.7351944852795472,164,0.7187258663017579,201,0.7187258663017579,170,0.7180659449670975,522,0.7118676809603595
597,437,0.9115086377386462,99,0.9083675774250372,560,0.9078876993006884,40,0.9072601427618115,391,0.9069662745644715
598,283,1.0,315,1.0,332,1.0,573,1.0,598,1.0
599,229,0.8474962069559456,352,0.8440076160937224,407,0.8429925579534322,626,0.841472711332323,776,0.8383476742256618
600,811,0.5232918627184353,448,0.522029938892994,486,0.522029938892994,353,0.5103838980275975,255,0.5071779751232833
601,338,0.6968918848281195,409,0.6968918848281195,18,0.6848086197899967,330,0.6835189472274326,693,0.6835189472274326
602,374,0.9441154983557617,620,0.9315826347625923,403,0.9315449811741632,281,0.9290774320000561,357,0.9285011279596633
603,760,1.0,803,1.0,418,0.9961848146360339,516,0.8519594321711963,575,0.8516320428901303
604,831,0.8411878752214409,153,0.8283624926004673,612,0.8282391840547739,611,0.8281072251833944,546,0.8274856954090312
605,737,0.4075642838079724,124,0.3745840264942651,480,0.35508910456541065,534,0.3461795982097869,463,0.3448652473575026
606,252,0.5441442116883108,357,0.5370757709461959,360,0.5370259831059921,847,0.5366955397274675,177,0.5319004604989295
607,437,0.9458226724838376,575,0.942065250154731,516,0.9418239171503358,620,0.9405229034219338,403,0.9405047449712488
608,708,0.8082630085016468,448,0.7803092742441432,486,0.7803092742441432,811,0.7788350494968111,566,0.7768734488378989
609,837,0.928565760203683,339,0.9262414877894861,59,0.9259752011394603,610,0.9241042249953614,362,0.9220780105226157
610,358,0.9505854073747515,64,0.9490304096889606,837,0.9465349914804939,362,0.9443067522392485,52,0.9440990383781932
611,612,0.9999901907812914,364,0.966593988368696,68,0.9590406684357844,69,0.9590406684357844,404,0.9590406684357844
612,611,0.9999901907812914,364,0.9664384833961533,68,0.9590280954452328,69,0.9590280954452328,404,0.9590280954452328
613,842,0.999791436812585,134,0.9861159763267685,543,0.9859928776470204,21,0.9747488872402345,143,0.9742920148237244
614,506,0.9997627326264531,6,0.999406426991111,535,0.965775080440904,350,0.9633781800153327,357,0.9615567289837019
615,831,0.9529461287780246,838,0.9471925724157546,769,0.9462862324116134,5,0.9452985009443888,374,0.9435835505710114
616,743,0.9342113328872178,374,0.932415278050287,410,0.9283330329027666,623,0.9261482635785262,839,0.9254631741686535
617,618,0.8754025894661424,71,0.8598498779392035,744,0.8534994727928943,838,0.8524482988387754,552,0.8403156202748385
618,617,0.8754025894661424,744,0.787308381316825,840,0.7840748476173262,838,0.7830598488814011,71,0.7819144580911471
619,392,0.9999916616524182,394,0.9613455131143135,412,0.953757924175789,50,0.9436233492715638,364,0.9369713430135522
620,403,0.9998302128188674,357,0.9854075754225723,360,0.9852938092654537,252,0.9821170670815909,391,0.976309848015506
621,536,0.8830329918306811,437,0.8746449151738274,153,0.8698509564978893,5,0.8670088441302585,56,0.8630645404263281
622,465,0.7310320923404289,309,0.7263233214716246,132,0.7259873561447048,344,0.7165689916942803,64,0.7141162253481993
623,357,0.9728946457009889,360,0.9728102409450874,252,0.9692266115833361,366,0.9659239556396363,391,0.9649257749471738
624,837,0.8988753618985983,58,0.8956282529010632,367,0.8919226341622949,52,0.8918708769777,362,0.8917410979209522
625,831,0.8147647594300027,153,0.8067866449885369,838,0.8042970659227617,410,0.8032309835404058,61,0.8029406144779432
626,374,0.9578767367394986,623,0.9574061330878475,33,0.9573301451926746,549,0.9571869770256907,406,0.9547259438091655
627,744,0.9556946699272381,335,0.955391229469503,516,0.947016089486241,575,0.9466058676656491,366,0.9457514610621328
628,364,0.9121310171187151,611,0.9098903858646789,612,0.9098856416717389,170,0.9091808608437685,141,0.9049661414762132
629,390,0.9198165333025587,398,0.9046043147764484,410,0.877947279544214,833,0.8724571696623118,374,0.8710731539953146
630,516,0.8545294812923089,575,0.8541865802409796,607,0.8528025354627825,437,0.8478007698034807,74,0.8457678281269145
631,217,0.7071067811865475,282,0.40824829046386296,422,0.40824829046386296,331,0.3802345503146867,652,0.3802345503146867
632,692,0.9999999999999998,33,0.9200342996644785,549,0.9199663355943134,516,0.9163182687087842,575,0.9157770232741345
633,164,0.7550186978580603,201,0.7550186978580603,45,0.7279975572504073,249,0.7279975572504073,571,0.7279975572504073
634,153,0.8928979146645452,437,0.8827078646005855,536,0.8767420623045703,173,0.8756891244543796,551,0.8756891244543796
635,635,1.0,621,0.6152496062493222,350,0.6145498602112888,211,0.6126615032997533,322,0.6126615032997533
636,26,0.9709576808490817,350,0.8973655982291089,516,0.8926272076689441,575,0.8919723049115091,335,0.8910052703467586
637,535,0.9004719166232606,350,0.8826048394584267,695,0.8824699235439436,549,0.8767305694649609,33,0.8765368926293203
638,681,0.58342377526806,709,0.58342377526806,323,0.5811444313299519,554,0.5702820522901855,737,0.5548707650411495
639,74,0.8391644445109449,516,0.8174477177507892,575,0.816646713520142,406,0.8159692238307538,300,0.8078101478552882
640,374,0.9284043666587259,743,0.9231904608803496,410,0.9215657844978944,398,0.9204747840451514,62,0.9199036624009218
641,335,0.4699083679396281,66,0.4644952938672053,402,0.46361957781762236,744,0.4620346844632952,516,0.4598818110716089
642,354,0.6256639699776939,257,0.6254186965751484,762,0.6254186965751484,58,0.6246009275174893,48,0.6217604828906386
643,366,0.9146369674909353,831,0.9120377895718584,406,0.9007499205031364,233,0.8996025060975679,357,0.8949496764990462
644,644,1.0,222,0.999018768340178,807,0.9937959842138885,11,0.8997671947031023,706,0.8994591363130893
645,354,0.4956988716764728,48,0.488452626767666,367,0.4876083100965226,362,0.48754363649136306,52,0.4871060412182079
646,764,0.5078333750770081,91,0.4964041823952184,634,0.49387966996303306,699,0.49229690353913624,386,0.4897031253386883
647,551,1.0,647,1.0,751,1.0,374,0.9091388019556348,695,0.9085267739919163
648,801,1.0000000000000002,67,0.6625457643651276,124,0.6622444708114118,361,0.6607433996532889,356,0.6604501462158383
649,429,1.0,570,1.0,649,1.0,623,0.9196524910861471,5,0.9145818818560337
650,838,0.8423251702470806,71,0.8293266094391599,744,0.8284305645989257,337,0.8227669880122619,66,0.8162423966465655
651,374,0.8527039003641518,410,0.842418231460567,697,0.842126040758637,398,0.8401348961777644,695,0.837701866401321
652,652,1.0000000000000002,190,0.7065877130688716,503,0.6381648811162861,76,0.6363639049793277,714,0.6277505340359207
653,104,0.7809323814784697,611,0.7530667125775693,612,0.7528843104944376,374,0.7509219932890119,769,0.7502608341091199
654,205,0.5167103459346832,71,0.5006747916930111,124,0.500267048451184,356,0.49945497237966013,361,0.49911874272281403
655,689,0.9999999999999999,74,0.5948688477723114,406,0.5937489958781037,787,0.5891539451547484,549,0.5889243916767161
656,105,0.5064281047469474,417,0.5064281047469474,549,0.504590864805153,33,0.5041709056520812,398,0.49815475892973243
657,516,0.7223343164838522,575,0.72231666572234,607,0.715077945649709,66,0.70940052941828,402,0.7082396264822677
658,728,0.5,344,0.46084759628320104,225,0.4341425812564183,648,0.43052838591144593,801,0.43052838591144593
659,99,0.5352435265082292,560,0.535199362378083,607,0.5340422984162305,437,0.5326681136684891,516,0.5315486888474009
660,838,0.8780867552751387,71,0.8703273561873062,831,0.8670584422831338,744,0.8588361753794583,337,0.8568708296148051
661,839,0.7972156877530141,62,0.7907852984686055,9,0.782742602161936,743,0.7814214853383753,834,0.7805608994621379
662,662,1.0,542,0.7628689341173603,354,0.698924010146186,52,0.6932607796061346,367,0.6931357999140636
663,728,0.8164965809277259,518,0.5773502691896258,230,0.5052467333920879,210,0.4923659639173309,544,0.47944394795438894
664,283,1.0,315,1.0,332,1.0,573,1.0,598,1.0
665,744,0.525585466086174,831,0.524148983078638,335,0.5218878254542055,248,0.5206815958778421,627,0.5120704068103629
666,820,0.468582718592591,190,0.4260037351401044,603,0.42320105610796105,760,0.42320105610796105,803,0.42320105610796105
667,96,0.8622932884716235,687,0.8622932884716235,575,0.8620681622887907,516,0.8613169899320899,153,0.8536689632867045
668,536,0.7702965299130978,153,0.7682699512601452,405,0.7604173838007203,56,0.7573813733707845,437,0.7555957777040715
669,299,0.9994402522364585,620,0.9516100645127568,403,0.9516062955369545,366,0.951126035739265,744,0.9496094567886199
670,611,0.9381341141085796,612,0.9380879566353078,68,0.9352495995718855,69,0.9352495995718855,404,0.9352495995718855
671,671,1.0000000000000002,364,0.6451696709677328,574,0.6385085344851008,841,0.6311963835693479,628,0.6303286161873416
672,45,0.9711346445775417,249,0.9711346445775417,571,0.9711346445775417,170,0.8234918985115827,619,0.8129215068831678
673,611,0.9016386094157416,612,0.9014841791614067,364,0.8964646301156345,141,0.8945138523752822,620,0.890929396332819
674,688,0.33806170189140655,582,0.22709684225171733,142,0.20458627438114135,550,0.1981374560051479,414,0.19544077624852607
675,142,0.7618483962340148,465,0.7324335809538569,132,0.7314081772660355,309,0.7312384704781896,63,0.7284674672482906
676,607,0.6012352492891377,825,0.5920115902760866,516,0.5785134001670071,575,0.578384259490236,554,0.5776115674952024
677,141,0.8687080779605274,364,0.8605415062133267,537,0.8451304044929676,144,0.8334508593057962,522,0.8297613068674061
678,462,0.35688199316974917,291,0.35582856229426063,275,0.3243847764279931,440,0.3179749376813333,397,0.3171580759299177
679,170,0.8657658547819809,239,0.8605319746309,612,0.8600388843762465,611,0.8599916470924601,61,0.8584140376590303
680,612,0.8759747766220788,611,0.8757640432511059,535,0.8674411458023872,847,0.8654531817069389,239,0.8632328407230717
681,709,1.0000000000000002,323,0.9977748150834037,607,0.9126345394840482,506,0.9116273305439053,6,0.9111653925677583
682,847,0.7253130468231708,607,0.7237318298362952,323,0.7179987561185901,681,0.7164041599067453,709,0.7164041599067453
683,325,0.4214102783735443,806,0.4191031519366579,808,0.4191031519366579,829,0.4191031519366579,256,0.41430721079857596
684,807,0.8808737835908221,222,0.8804613758780784,497,0.8798443969537713,644,0.8798443969537713,706,0.8450853959675296
685,338,0.6929069001587915,409,0.6929069001587915,71,0.6908037696739775,831,0.6857414639913901,708,0.6832078101690084
686,99,0.5779191818061018,560,0.5776335846175195,437,0.5729925366717108,536,0.5715255658157199,847,0.5701326877287507
687,687,1.0,575,0.9656572359380322,516,0.9653798236449914,847,0.9466409598805008,535,0.9372176243265871
688,674,0.33806170189140655,582,0.26870460745022956,550,0.23443939954936904,528,0.1882779266948868,168,0.17693034738587657
689,689,0.9999999999999999,74,0.5948688477723114,406,0.5937489958781037,787,0.5891539451547484,549,0.5889243916767161
690,744,0.9023077015302897,831,0.8894940285897386,189,0.8881862308879717,822,0.8881862308879717,669,0.8874902420146028
691,58,0.7530263310615198,67,0.7406310841232188,354,0.7391624688228843,52,0.7364739298009846,367,0.7363806663056173
692,692,0.9999999999999998,33,0.9200342996644785,549,0.9199663355943134,516,0.9163182687087842,575,0.9157770232741345
693,693,0.9999999999999998,104,0.9295619068140626,451,0.9265931726074693,374,0.9223007148859295,410,0.9211400002320619
694,607,0.7733489419248333,437,0.7264090745697591,575,0.7255389589727714,516,0.7252297717086511,506,0.7245751113144546
695,374,0.9494702372440402,535,0.9456623870711134,549,0.9405164373132756,33,0.9400945982646987,626,0.9337875521692577
696,696,1.0,153,0.9081910915321051,374,0.905894487400584,623,0.896123300847967,9,0.8949792324128014
697,729,0.9694705106570377,336,0.9145766768092171,695,0.9081499272009412,144,0.9033447289665755,374,0.9022708097998119
698,621,0.7334126735786082,437,0.7218717870654449,153,0.714803396275082,536,0.7129401242806555,634,0.7109939377484262
699,623,0.8333494720942839,348,0.8329524709016618,153,0.8295921866611505,769,0.8272064256989363,620,0.8269138071045422
700,771,1.0,534,0.7685185395749214,394,0.7390714385779829,205,0.7373398435385139,141,0.7342742976014747
701,57,0.44725238077347956,566,0.43338684118478543,53,0.4294091175697197,811,0.42864100236321495,448,0.4271799400086039
702,787,0.9122956037254127,406,0.9094738737872762,374,0.9045693680017836,360,0.9024420098667287,357,0.9021933532658272
703,5,0.8902435353600412,61,0.8749609046902473,153,0.8649722543804104,405,0.8631219465574884,94,0.862070268066077
704,368,0.837431980626197,70,0.8353713892318744,837,0.8353283381246087,609,0.8334592734139336,85,0.8321314968726046
705,252,0.7264886977163846,366,0.7261119761715736,391,0.7218078199007172,848,0.7218078199007172,357,0.7212028004485036
706,11,0.9996215731841881,222,0.9012709911385239,497,0.8994591363130893,644,0.8994591363130893,807,0.8779490901126571
707,707,1.0000000000000002,716,1.0000000000000002,719,1.0000000000000002,741,1.0000000000000002,67,0.6963277048859501
708,338,0.9203010728215419,409,0.9203010728215419,448,0.9187165079994346,486,0.9187165079994346,840,0.917594221358614
709,709,1.0000000000000002,323,0.9977748150834037,607,0.9126345394840482,506,0.9116273305439053,6,0.9111653925677583
710,437,0.7042129219514909,170,0.6922423543880168,607,0.6877646709950596,847,0.6826875202275854,590,0.6816767987180876
711,711,1.0,368,0.6811584879092968,85,0.6795164484134013,67,0.6792052052209169,358,0.6782128935751538
712,262,0.9991302187356316,612,0.9542954428920437,611,0.9542795467282926,68,0.935498895367934,69,0.935498895367934
713,364,0.7510180049476788,522,0.7501998321648531,170,0.7455365016051351,611,0.7424910726310451,612,0.7423095392086884
714,503,0.7377637028129719,76,0.7371645633086744,189,0.7212291313137303,822,0.7212291313137303,690,0.718765281258062
715,366,0.8097815482223356,252,0.8035988789775609,357,0.800439611422059,360,0.8003734223362018,831,0.7996361344518917
716,707,1.0000000000000002,716,1.0000000000000002,719,1.0000000000000002,741,1.0000000000000002,67,0.6963277048859501
717,11,0.7384500946380913,706,0.7373444787455992,497,0.6827006813125966,644,0.6827006813125966,222,0.6798662046761342
718,650,0.41952652629561354,71,0.4056663455323714,802,0.40475682399629664,838,0.4018269074299028,402,0.39570259758197984
719,707,1.0000000000000002,716,1.0000000000000002,719,1.0000000000000002,741,1.0000000000000002,67,0.6963277048859501
720,439,1.0,720,1.0,794,1.0,294,0.9967017235718204,831,0.9520865944529672
721,337,0.858732503861799,406,0.8561608760711704,153,0.848176366879583,516,0.8461408961586041,575,0.8455898918905418
722,366,0.6543518399525017,252,0.6479792314418595,847,0.6475722645815271,357,0.6459817271513686,360,0.6458723950135945
723,415,0.24902912254587614,748,0.24902912254587614,788,0.15681251204679503,629,0.13101324021285396,208,0.11973686801784995
724,261,0.5022852089081455,622,0.4859542180010061,532,0.4787811783387237,412,0.4781949104743235,50,0.47188127075287295
725,281,0.6472471733887248,623,0.6465465390212934,391,0.645047511823666,848,0.645047511823666,40,0.6441205144671804
726,395,0.4567689943833967,333,0.44232048189787393,49,0.4402130440326797,837,0.4352148174194044,610,0.43459032991282787
727,63,0.6500635201019053,544,0.6478270310580287,344,0.6247659056837293,838,0.6166516759303975,294,0.6166079293511055
728,663,0.8164965809277259,518,0.7071067811865475,210,0.6030226891555271,544,0.5469451422703945,63,0.5441193531512974
729,697,0.9694705106570377,336,0.9004364764196713,144,0.897242514309915,695,0.8837129842023299,239,0.8816429624078442
730,141,0.9136210017396517,364,0.9122050379428386,611,0.9080703295743483,612,0.907910546240109,394,0.8997743185236434
731,572,0.5093024363617885,809,0.48308269924279434,74,0.4812547796105173,335,0.4648245635913945,744,0.4646284560442791
732,847,0.4329883497744147,634,0.4314877089531007,153,0.42576655276915387,482,0.42552425300377333,96,0.4254931029263952
733,733,1.0,506,0.5347950638348267,6,0.5345026416403365,614,0.5340613777978653,342,0.5098697789066402
734,841,0.5457185116895131,515,0.5361859903133309,813,0.5361859903133309,433,0.5039526306789697,174,0.48066679141989593
735,99,0.777351395042471,560,0.776452669572828,211,0.7750239088122054,322,0.7750239088122054,437,0.7731477612270018
736,776,0.9996194574059679,374,0.943923002215969,410,0.9415906002730706,743,0.9361867232014568,398,0.9305810842267993
737,480,0.9116087424227415,144,0.8789703322513802,141,0.8623480860041473,554,0.861816855320014,534,0.859952227225561
738,823,0.33541019662496846,544,0.32911417651768327,63,0.3269596113106451,790,0.3162277660168379,20,0.3086066999241838
739,739,0.9999999999999999,840,0.8366637865314179,361,0.8282417558537039,356,0.8278615575302737,48,0.8277505503533048
740,845,0.33142499677485887,834,0.29271694439926954,406,0.29076543638877256,832,0.29058780765214204,452,0.2903349557169017
741,707,1.0000000000000002,716,1.0000000000000002,719,1.0000000000000002,741,1.0000000000000002,67,0.6963277048859501
742,535,0.45463457305287286,6,0.45083444156252844,632,0.4464502807870814,692,0.4464502807870814,847,0.44591263810143306
743,374,0.9800713240823102,410,0.9579245052670291,398,0.9519581483578634,411,0.9517571366206558,351,0.948019754733146
744,335,0.9843293114778581,66,0.9783719102338467,402,0.9778026317580267,71,0.972934673019658,838,0.9722066578435148
745,344,0.5595067998952994,544,0.5427162262239187,63,0.5398972696393254,349,0.5051980945169735,465,0.5014756418042411
746,677,0.5243551819211016,449,0.5191612467537589,540,0.5178915284564427,141,0.5150933412694101,494,0.5126548680073142
747,437,0.4933029654538335,337,0.48670527187451096,560,0.48646413449762244,99,0.4855768560359969,721,0.48441156903016136
748,748,1.0000000000000002,217,0.30499714066520933,723,0.24902912254587614,513,0.23593539819770903,714,0.22768100665266117
749,818,1.0000000000000002,5,0.8345629758546865,831,0.8162360121456147,377,0.8099814687226232,623,0.8070420431787709
750,522,0.4526363921808093,93,0.42854124649941394,141,0.42754940396688373,78,0.42741935483870974,670,0.42313868796282794
751,551,1.0,647,1.0,751,1.0,374,0.9091388019556348,695,0.9085267739919163
752,752,1.0,516,0.9240452831258237,575,0.9238970377140348,337,0.9157167338174318,744,0.9121241360853961
753,617,0.403145012992693,572,0.39062145332563925,74,0.3733337602389125,761,0.3541441234874142,181,0.35227607101234026
754,94,0.8313115291574196,410,0.8292648255330513,281,0.8260824388393344,437,0.8209014642070317,374,0.8173650668301125
755,406,0.89091154742453,626,0.8898395890881571,374,0.8879843830318143,839,0.8831655474387357,549,0.8806046418973391
756,205,0.48700110273802294,534,0.48067497052340385,71,0.47873739579538943,50,0.477928365460141,831,0.4756567946906149
757,125,0.5381619135763954,622,0.5226099046371191,164,0.5208501458315482,201,0.5208501458315482,503,0.5102960927601854
758,71,0.7459895245873722,554,0.7414340008904611,838,0.7409410253108446,205,0.7361139655608862,560,0.7355582759276863
759,609,0.722502215229362,479,0.7169767672253392,579,0.7169767672253392,819,0.7169767672253392,339,0.7067820953167274
760,760,1.0,803,1.0,418,0.9961848146360339,516,0.8519594321711963,575,0.8516320428901303
761,226,0.48466507255496044,512,0.48466507255496044,76,0.4830615784388048,503,0.48180542754930183,74,0.48021432608136655
762,762,0.9999999999999999,831,0.9251095351837676,71,0.9241197866890861,744,0.9218783003418023,838,0.913657062199862
763,57,0.3883401048113815,622,0.38140495973825816,63,0.35359197851260027,544,0.35268815013600335,344,0.34401789309915387
764,206,0.5124265163662979,278,0.5101144168382754,342,0.509366848077705,646,0.5078333750770081,820,0.5007672951629893
765,99,0.7929902852856887,560,0.792370647523462,607,0.7798680035474795,437,0.7759934914783656,575,0.7728979445317838
766,831,0.6978686758135132,366,0.6964698805851824,335,0.6960550035151924,744,0.695332833233084,71,0.6945575163225478
767,217,0.3779644730092272,167,0.26726124191242434,631,0.26726124191242434,176,0.26013299085723596,675,0.25407969373308975
768,831,0.597316514764311,252,0.5945290580471195,366,0.5878979543696863,448,0.5874026238454647,486,0.5874026238454647
769,831,0.9506621288173551,374,0.9504931293425307,366,0.9480938903313414,620,0.9474558560828212,403,0.9470448826446118
770,146,0.5627765768830262,251,0.5623752368337062,847,0.5431140823052476,535,0.5254006774107326,6,0.5251673049263054
771,771,1.0,534,0.7685185395749214,394,0.7390714385779829,205,0.7373398435385139,141,0.7342742976014747
772,804,1.0,612,0.8592011686954412,611,0.8591627925147023,294,0.8591535016980523,163,0.856880907744021
773,466,0.45425589684618445,124,0.4451443944905345,291,0.43868584058337007,401,0.4348945400734376,480,0.4343455784629215
774,831,0.9198198756472612,294,0.9115744514000346,163,0.9113605162645069,439,0.9113605162645069,720,0.9113605162645069
775,88,1.0,159,1.0,214,1.0,775,1.0,787,0.6734612453567504
776,736,0.9996194574059679,374,0.9449505220887653,410,0.9427061213754037,743,0.9371437979851922,398,0.9312811714253343
777,831,0.6452404842760906,838,0.6414312265637858,366,0.6353569992281558,358,0.6195699274871878,744,0.6171883389146231
778,33,0.4591964818015091,549,0.4589699988484813,535,0.4527947435507506,695,0.4459380184793079,9,0.4401001442707172
779,401,0.7824509466399214,107,0.782290774461632,399,0.7735200706125933,365,0.7653592055630581,64,0.7497354007239971
780,838,0.47489902899831904,337,0.47334934587256744,437,0.472798102997222,71,0.469594777483728,765,0.4686948465590253
781,781,1.0,516,0.858357154414731,575,0.8581084590578111,74,0.8542739276502439,607,0.854000024250749
782,838,0.8262292581560572,337,0.8219266924814036,744,0.8157778152657067,831,0.8156412019090084,614,0.8128164242267238
783,74,0.6974202238577387,405,0.6964010937700745,623,0.6932244744486795,105,0.6913219122153972,417,0.6913219122153972
784,23,0.7815833000266857,64,0.7544726376736075,61,0.7479670419235749,107,0.7459000757259412,18,0.7449914792080694
785,812,0.9968991856822828,615,0.9218642749806151,410,0.9153544366805287,769,0.9141918362561829,374,0.9134837703688808
786,727,0.3532342073613555,617,0.3354942535476814,500,0.3163445842598817,420,0.3127716210856122,838,0.31151787941575176
787,366,0.9464212901841627,360,0.9463130450303391,357,0.946109620237392,252,0.9442826900349721,391,0.942650836613569
788,282,0.36961063547728645,178,0.3581850185085398,303,0.343623964000188,143,0.3347221817224854,21,0.3326930965114614
789,199,0.741402895065543,831,0.7178086175518357,330,0.7168717375665108,693,0.7168717375665108,838,0.7119351556110658
790,544,0.4577305151936288,63,0.4562697438767989,344,0.41626215529217575,465,0.39724201038633894,309,0.39247659684444547
791,465,0.6364622732397751,309,0.6319452502550003,132,0.6317045496049299,394,0.6307613617718774,412,0.6270315568599507
792,50,0.6838617719812027,59,0.6807857084646851,681,0.6797458774544178,709,0.6797458774544178,690,0.6763123901606162
793,348,0.4988105056289822,849,0.49811041303061016,273,0.4883437676881162,690,0.4864678548950583,228,0.4816058563628202
794,439,1.0,720,1.0,794,1.0,294,0.9967017235718204,831,0.9520865944529672
795,225,0.4820912786412738,160,0.4501491366063437,85,0.4222247408095114,67,0.41896805072133725,70,0.41889326029363366
796,350,0.6351005235614675,516,0.6278344168700277,252,0.6273189703840402,575,0.6272601967836443,360,0.6252694735198767
797,384,0.5369634510592296,33,0.5124286283649576,549,0.5121607285638955,398,0.5112341081548701,776,0.5081825037766263
798,216,0.4252899901611864,452,0.4203709795665733,834,0.40971955103524926,307,0.404485674388953,225,0.39656891338134015
799,23,0.566172151255083,257,0.5529469181109211,762,0.5529469181109211,831,0.5406558327297193,838,0.5312030023671541
800,518,0.4472135954999579,728,0.31622776601683794,260,0.29814239699997197,150,0.28284271247461895,264,0.2581988897471611
801,801,1.0000000000000002,67,0.6625457643651276,124,0.6622444708114118,361,0.6607433996532889,356,0.6604501462158383
802,838,0.7149211502205279,558,0.7122908603744187,812,0.7096162090994702,785,0.709555508309718,71,0.7077212569759121
803,760,1.0,803,1.0,418,0.9961848146360339,516,0.8519594321711963,575,0.8516320428901303
804,804,1.0,612,0.8592011686954412,611,0.8591627925147023,294,0.8591535016980523,163,0.856880907744021
805,610,0.6467407140806126,437,0.6417681580334665,352,0.6313631516308194,407,0.6305511338443465,59,0.6299902756028333
806,808,1.0,829,1.0,256,0.9996496480673998,283,0.9996496480673998,315,0.9996496480673998
807,497,0.9937959842138885,644,0.9937959842138885,222,0.9919338077983434,684,0.8808737835908221,706,0.8779490901126571
808,808,1.0,829,1.0,256,0.9996496480673998,283,0.9996496480673998,315,0.9996496480673998
809,66,0.7783666083620714,744,0.7773468086016938,402,0.7773406294975153,335,0.7732529237202068,299,0.7711238007531959
810,164,0.596839747817794,201,0.596839747817794,125,0.5900461777420788,50,0.5723601293623305,628,0.5664782229640526
811,448,0.9995829334454941,486,0.9995829334454941,708,0.9172633546056802,449,0.8942143318048925,566,0.8813534832933704
812,785,0.9968991856822828,615,0.9189069970570292,695,0.9144511250968177,410,0.9117110391467776,374,0.9108524648442954
813,813,0.9999999999999998,612,0.8048737505459787,611,0.8045596222714757,841,0.8039217612512645,364,0.7972091378223954
814,485,0.33163424213974263,78,0.33097691853592753,616,0.3294380520580452,712,0.32941295122173314,623,0.3283153176472038
815,61,0.4709700431765873,170,0.46337832801578677,574,0.4610866527783458,348,0.4589634323409638,849,0.45762807783713333
816,199,0.7535551105841924,294,0.748867030495654,391,0.7482420775854636,848,0.7482420775854636,847,0.7469865649320183
817,449,0.5458641402107747,559,0.5450320413484908,708,0.5422857693767509,75,0.5391125036953641,185,0.5391125036953641
818,818,1.0000000000000002,5,0.8345629758546865,831,0.8162360121456147,377,0.8099814687226232,623,0.8070420431787709
819,579,0.9999999999999999,819,0.9999999999999999,837,0.9261099199820951,339,0.9192390453006014,367,0.9188278888934168
820,76,0.7952817085081696,503,0.7936674512066602,140,0.7782244937659356,425,0.7662354250410347,226,0.7650305849559098
821,410,0.9038684151654227,626,0.89837588110089,743,0.8947684188975632,398,0.894736674049409,776,0.892425949122108
822,822,0.9999999999999999,744,0.938504063138202,627,0.9380088398503621,335,0.9286941175512958,402,0.9209137196407429
823,223,0.5333481446281509,544,0.5304989312190717,63,0.5281407398882919,728,0.4472135954999579,617,0.41387643868109825
824,437,0.7131632649242517,99,0.7098996014192125,575,0.709654810849046,516,0.7088063696772104,560,0.7080312448426733
825,607,0.8493406909505856,437,0.7666076494390793,6,0.7662525837304025,575,0.7658863915928433,506,0.765545192427425
826,841,0.5710722187226268,849,0.5682133803593333,348,0.5612700930332355,620,0.5565014805502411,354,0.5556253886951913
827,105,0.6188128117648143,417,0.6188128117648143,437,0.612895398074119,153,0.6023340827899567,387,0.5962847939999439
828,839,0.5322670213361429,452,0.5319377182088659,216,0.5297053744295265,62,0.523499558571,9,0.5141971501318507
829,808,1.0,829,1.0,256,0.9996496480673998,283,0.9996496480673998,315,0.9996496480673998
830,241,0.4364357804719848,387,0.4364357804719847,78,0.39322466603242784,366,0.376083150196185,636,0.37373062145658287
831,838,0.967663441777443,366,0.9579452237612567,744,0.9576339476424576,71,0.9539533883235779,615,0.9529461287780246
832,410,0.9332125854513477,374,0.9315843141022735,366,0.9287956192920762,743,0.9277656212958196,838,0.925671329709336
833,374,0.9246248613609455,535,0.9235969152155606,612,0.9222460689061412,611,0.9221594633825555,390,0.9215639086543619
834,51,0.9709065329776788,398,0.9453797874373441,743,0.9400393644172106,410,0.9374978591861272,62,0.9305174344422872
835,374,0.941705041646013,406,0.9398805885712926,626,0.9378231942748663,623,0.9352494802110204,615,0.9344076543069865
836,363,0.9856017777243896,359,0.984880954917396,348,0.9731684010374991,849,0.9723661822692515,205,0.9355604623368706
837,52,0.987176778542638,367,0.9871656290396068,362,0.9870602051591784,354,0.9815333503969866,358,0.9801892949521509
838,71,0.9873704411686924,744,0.9722066578435148,337,0.9688513453967887,831,0.967663441777443,366,0.9590251020746886
839,62,0.9425096693423394,743,0.9315480396818107,9,0.9308990615980753,374,0.9255950786095225,616,0.9254631741686535
840,769,0.9430194007441838,744,0.9427473788436409,516,0.938611469399047,575,0.9380911670357087,337,0.9380858685452981
841,364,0.9399038207231344,141,0.9286018847772393,612,0.9213208200371529,611,0.921216898258251,619,0.9146053379063507
842,613,0.999791436812585,134,0.9868777169740762,543,0.9867972249428277,21,0.9741339110618334,143,0.973652233972847
843,199,0.885237034673364,205,0.8350305494923376,769,0.8332641593836502,558,0.8253162139380579,330,0.8244065950517221
844,68,0.9002593625739669,69,0.9002593625739669,404,0.9002593625739669,137,0.8986360455981577,61,0.8929724532819422
845,51,0.7965409244769854,62,0.796311024372651,410,0.792644795466294,398,0.7924328308111277,834,0.7913305417970897
846,337,0.8327893329769757,838,0.8290024281056743,516,0.8169180632181168,575,0.8167212123044723,558,0.8158965543209152
847,437,0.9681911972186334,153,0.9629046263315313,337,0.9597158803241519,403,0.9596643544483546,620,0.9593393724649679
848,848,1.0,40,0.9994433537028892,357,0.9871457480562543,360,0.9871251901407035,252,0.9864887817510968
849,348,0.997595865893158,359,0.9892085090391762,363,0.9890289294273172,836,0.9723661822692515,620,0.9429162803155405
